t_s,codec,used_mib,total_mib,util_gpu,util_mem,power_w,temp_c,clock_sm_mhz,clock_mem_mhz,torch_alloc_mib,torch_reserved_mib,torch_max_alloc_mib,message_id
0.0000,nf4,1335,12288,1,21,40.49,58,210,405,0,0,0,
0.0382,nf4,1335,12288,1,21,40.49,58,210,405,0,0,0,
0.2158,nf4,1335,12288,1,22,38.26,58,210,405,0,0,0,
0.3856,nf4,1335,12288,1,22,38.26,58,210,405,0,0,0,
0.5558,nf4,1335,12288,1,22,38.26,58,210,405,0,0,0,
0.7254,nf4,1335,12288,1,22,38.03,58,210,405,0,0,0,
0.8951,nf4,1335,12288,1,22,38.03,58,210,405,0,0,0,
1.1133,nf4,1335,12288,1,22,38.03,58,210,405,0,0,0,
1.2845,nf4,1335,12288,0,22,37.9,57,210,405,0,0,0,
1.4544,nf4,1335,12288,0,22,37.9,57,210,405,0,0,0,
1.6249,nf4,1335,12288,0,22,37.9,57,210,405,0,0,0,
1.7936,nf4,1335,12288,0,22,37.82,57,210,405,0,0,0,
1.9625,nf4,1335,12288,0,22,37.82,57,210,405,0,0,0,
2.1420,nf4,1335,12288,1,22,37.68,57,210,405,0,0,0,
2.3201,nf4,1335,12288,1,22,37.68,57,210,405,0,0,0,
2.4898,nf4,1335,12288,1,22,37.68,57,210,405,0,0,0,
2.6603,nf4,1335,12288,1,22,37.72,57,210,405,0,0,0,
2.8302,nf4,1335,12288,1,22,37.72,57,210,405,0,0,0,
3.0000,nf4,1335,12288,1,22,37.72,57,210,405,0,0,0,
3.2039,nf4,1335,12288,1,23,37.77,57,210,405,0,0,0,
3.3746,nf4,1335,12288,1,23,37.77,57,210,405,0,0,0,
3.5453,nf4,1335,12288,1,23,37.77,57,210,405,0,0,0,
3.7157,nf4,1335,12288,1,23,37.8,57,210,405,0,0,0,
3.8891,nf4,1335,12288,1,23,37.8,57,210,405,0,0,0,
4.0871,nf4,1335,12288,1,23,37.8,57,210,405,0,0,0,
4.3101,nf4,1335,12288,0,23,37.76,56,210,405,0,0,0,
4.4743,nf4,1335,12288,0,23,37.76,56,210,405,0,0,0,
4.6435,nf4,1335,12288,0,23,37.62,56,210,405,0,0,0,
4.8743,nf4,1335,12288,0,23,37.62,56,210,405,0,0,0,
5.1681,nf4,1335,12288,0,23,37.52,56,210,405,0,0,0,
5.4330,nf4,1335,12288,0,23,37.52,56,210,405,0,0,0,
5.6185,nf4,1335,12288,0,23,37.52,56,210,405,0,0,0,
5.7903,nf4,1335,12288,0,23,37.44,56,210,405,0,0,0,
5.9596,nf4,1335,12288,0,23,37.44,56,210,405,0,0,0,
6.1278,nf4,1335,12288,0,23,37.44,56,210,405,0,0,0,
6.2999,nf4,1333,12288,1,22,37.41,56,210,405,0,0,0,
6.4685,nf4,1333,12288,1,22,37.41,56,210,405,0,0,0,
6.7633,nf4,1333,12288,1,22,37.47,56,210,405,0,0,0,
6.9322,nf4,1333,12288,1,22,37.47,56,210,405,0,0,0,
7.0992,nf4,1343,12288,1,22,37.47,56,210,405,0,0,0,
7.2691,nf4,1965,12288,4,23,37.43,55,210,405,413.766,430,413.766,
7.4381,nf4,2199,12288,4,23,37.43,55,210,405,639.641,644,639.641,
7.6065,nf4,2411,12288,4,23,37.43,55,210,405,848.828,856,848.828,
7.7913,nf4,2625,12288,4,23,68.57,57,1710,9251,1061.42,1070,1061.42,
7.9602,nf4,2837,12288,4,23,68.57,57,1710,9251,1306.61,1318,1306.61,
8.1318,nf4,3101,12288,4,23,68.57,57,1710,9251,1538.52,1566,1538.52,
8.2974,nf4,3333,12288,9,1,104.11,58,1710,9251,1764.39,1780,1764.39,
8.4702,nf4,3545,12288,9,1,104.11,58,1710,9251,2009.58,2028,2009.58,
8.6434,nf4,3723,12288,9,1,115.45,58,1710,9251,2150.17,2170,2150.17,
8.8137,nf4,3971,12288,9,1,115.45,58,1710,9251,2382.08,2418,2382.08,
8.9860,nf4,4185,12288,9,1,115.45,58,1710,9251,2607.95,2632,2607.95,
9.1530,nf4,4363,12288,11,1,115.54,58,1710,9251,2784.55,2810,2784.55,
9.3225,nf4,4433,12288,11,1,115.54,58,1710,9251,2853.14,2880,2853.14,
9.4927,nf4,4539,12288,11,1,115.54,58,1710,9251,2944.45,2986,2944.45,
9.6777,nf4,4681,12288,11,1,115.36,58,1710,9251,3098.33,3128,3098.33,
9.8471,nf4,4931,12288,11,1,115.36,58,1710,9251,3360.92,3392,3360.92,
10.0172,nf4,5037,12288,11,1,115.36,58,1710,9251,3451.52,3484,3451.52,
10.2173,nf4,5143,12288,6,1,115.34,58,1710,9251,3556.11,3590,3556.11,
10.4191,nf4,5249,12288,6,1,115.34,58,1710,9251,3647.42,3696,3647.42,
10.6068,nf4,5321,12288,6,1,115.34,58,1710,9251,3768.7,3804,3768.7,
10.7915,nf4,5569,12288,6,1,115.28,58,1710,9251,4013.89,4052,4013.89,
10.9673,nf4,5675,12288,6,1,115.28,58,1710,9251,4118.48,4158,4118.48,
11.1821,nf4,5817,12288,3,1,115.21,58,1710,9251,4209.8,4264,4209.8,
11.3662,nf4,5889,12288,3,1,115.21,58,1710,9251,4295.08,4336,4295.08,
11.5853,nf4,5995,12288,3,1,115.21,58,1710,9251,4399.67,4442,4399.67,
11.7559,nf4,6243,12288,3,1,115.18,58,1710,9251,4644.86,4690,4644.86,
11.9278,nf4,6385,12288,3,1,115.18,58,1710,9251,4785.45,4832,4785.45,
12.1604,nf4,6493,12288,3,1,115.11,58,1710,9251,4893.45,4940,4893.45,
12.3446,nf4,6563,12288,3,1,115.11,58,1710,9251,4962.05,5010,4962.05,
12.5159,nf4,6669,12288,3,1,115.11,58,1710,9251,5053.36,5116,5053.36,
12.7183,nf4,6883,12288,3,1,115.12,58,1710,9251,5279.23,5330,5279.23,
12.9113,nf4,7025,12288,3,1,115.12,58,1710,9251,5455.83,5508,5455.83,
13.1057,nf4,7131,12288,3,1,115.12,58,1710,9251,5524.42,5578,5524.42,
13.2774,nf4,7237,12288,4,1,115.18,58,1710,9251,5615.73,5684,5615.73,
13.4476,nf4,7309,12288,4,1,115.18,58,1710,9251,5701.02,5756,5701.02,
13.6501,nf4,7451,12288,4,1,115.31,58,1710,9251,5841.61,5898,5841.61,
13.8210,nf4,7663,12288,4,1,115.31,58,1710,9251,6050.8,6110,6050.8,
14.0080,nf4,7771,12288,4,1,115.31,58,1710,9251,6158.8,6218,6158.8,
14.2091,nf4,7841,12288,14,13,110.2,57,690,810,6227.39,6288,6227.39,
14.3969,nf4,7947,12288,14,13,110.2,57,690,810,6318.7,6394,6318.7,
14.5876,nf4,8019,12288,14,13,110.2,57,690,810,6439.98,6502,6439.98,
14.7699,nf4,8231,12288,14,13,78.37,55,570,810,6613.17,6678,6613.17,
14.9406,nf4,8373,12288,14,13,78.37,55,570,810,6753.77,6820,6753.77,
15.1418,nf4,8445,12288,8,12,45.81,55,510,810,6825.77,6892,6825.77,
15.3396,nf4,8515,12288,8,12,45.81,55,510,810,6930.36,6998,6930.36,
15.5164,nf4,8623,12288,8,12,45.81,55,510,810,7002.36,7070,7002.36,
15.7703,nf4,8765,12288,8,12,43.46,55,420,810,7142.95,7212,7142.95,
15.9509,nf4,8765,12288,8,12,43.46,55,420,810,7142.95,7212,7142.95,
16.1374,nf4,9161,12288,1,11,42.48,54,360,810,7537.41,7608,7537.41,
16.3066,nf4,9163,12288,1,11,42.48,54,360,810,7538.81,7610,7538.81,
16.4786,nf4,9627,12288,1,11,42.48,54,360,810,7932.14,8020,7935.66,
16.6496,nf4,9635,12288,1,11,41.94,54,345,405,7933.14,8024,7935.66,
16.8230,nf4,9645,12288,1,11,41.94,54,345,405,7932.43,8034,7935.66,
17.0115,nf4,9645,12288,1,11,41.94,54,345,405,7932.43,8034,7935.66,
17.1811,nf4,9645,12288,95,7,76.37,58,1995,9251,7932.43,8034,7935.66,
17.3524,nf4,9645,12288,95,7,76.37,58,1995,9251,7932.52,8034,7935.66,
17.5224,nf4,9645,12288,95,7,76.37,58,1995,9251,7932.43,8034,7935.66,
17.6941,nf4,9645,12288,95,7,151.98,61,1995,9251,7932.43,8034,7935.66,
17.8641,nf4,9645,12288,95,7,151.98,61,1995,9251,7932.43,8034,7935.66,
18.0352,nf4,9645,12288,95,7,151.98,61,1995,9251,7932.43,8034,7935.66,
18.2055,nf4,9645,12288,97,9,209.4,61,1995,9251,7932.55,8034,7935.66,
18.3768,nf4,9645,12288,97,9,209.4,61,1995,9251,7932.51,8034,7935.66,
18.5485,nf4,9645,12288,97,9,209.4,61,1995,9251,7932.43,8034,7935.66,
18.7200,nf4,9645,12288,97,9,210.48,62,1995,9251,7932.43,8034,7935.66,
18.8913,nf4,9645,12288,97,9,210.48,62,1995,9251,7932.43,8034,7935.66,
19.0793,nf4,9645,12288,97,9,210.48,62,1995,9251,7932.53,8034,7935.66,
19.2474,nf4,9645,12288,96,9,210.87,62,1980,9251,7932.43,8034,7935.66,
19.4170,nf4,9647,12288,96,9,210.87,62,1980,9251,7934.82,8036,7935.66,
19.5881,nf4,9652,12288,96,9,210.87,62,1980,9251,7934.82,8036,7935.66,
19.7585,nf4,9652,12288,96,9,210.9,62,1980,9251,7934.82,8036,7935.66,
20.0549,nf4,9702,12288,96,9,210.9,62,1980,9251,7939.9,8054,7942.51,1
20.2266,nf4,9702,12288,98,6,200.54,62,1980,9251,7940.77,8054,7943.44,1
20.3980,nf4,9702,12288,98,6,200.54,62,1980,9251,7939.9,8054,7943.44,1
20.5690,nf4,9704,12288,98,6,200.54,62,1980,9251,7939.9,8056,7944.54,1
20.7398,nf4,9699,12288,98,6,204.94,63,1980,9251,7939.9,8056,7946.11,1
20.9098,nf4,9730,12288,98,6,204.94,63,1980,9251,7939.9,8056,7946.11,1
21.0789,nf4,9730,12288,98,6,204.94,63,1980,9251,7939.32,8056,7946.75,1
21.2629,nf4,9731,12288,98,6,220.24,63,1980,9251,7939.24,8056,7946.75,1
21.4483,nf4,9784,12288,98,6,220.24,63,1980,9251,7939.24,8056,7946.75,1
21.6325,nf4,9803,12288,98,6,220.24,63,1980,9251,7939.24,8056,7946.75,1
21.8043,nf4,9803,12288,98,6,218.68,63,1980,9251,7939.24,8056,7946.75,1
21.9740,nf4,9803,12288,98,6,218.68,63,1980,9251,7939.24,8056,7946.75,1
22.1450,nf4,9799,12288,98,11,214.15,63,1980,9251,7939.24,8056,7946.75,1
22.3146,nf4,9796,12288,98,11,214.15,63,1980,9251,7939.24,8056,7946.75,1
22.4855,nf4,9795,12288,98,11,214.15,63,1980,9251,7939.24,8056,7946.75,1
22.6548,nf4,9739,12288,98,11,210.18,63,1980,9251,7939.24,8056,7946.75,1
22.8256,nf4,9739,12288,98,11,210.18,63,1980,9251,7939.24,8056,7946.75,1
22.9969,nf4,9739,12288,98,11,210.18,63,1980,9251,7939.29,8056,7946.75,1
23.1677,nf4,9735,12288,96,8,209.05,63,1980,9251,7939.32,8056,7946.75,1
23.3383,nf4,9735,12288,96,8,209.05,63,1980,9251,7939.24,8056,7946.75,1
23.5083,nf4,9735,12288,96,8,209.05,63,1980,9251,7939.24,8056,7946.75,1
23.6784,nf4,9735,12288,96,8,208.43,63,1980,9251,7939.24,8056,7946.75,1
23.8487,nf4,9735,12288,96,8,208.43,63,1980,9251,7939.24,8056,7946.75,1
24.0188,nf4,9735,12288,96,8,208.43,63,1980,9251,7939.24,8056,7946.75,1
24.1907,nf4,9735,12288,96,8,208.67,63,1980,9251,7939.27,8056,7946.75,1
24.3605,nf4,9735,12288,96,8,208.67,63,1980,9251,7939.27,8056,7946.75,1
24.5300,nf4,9722,12288,96,8,208.67,63,1980,9251,7939.24,8056,7946.75,1
24.6991,nf4,9719,12288,96,8,208.76,63,1980,9251,7939.24,8056,7946.75,1
24.8720,nf4,9715,12288,96,8,208.76,63,1980,9251,7939.24,8056,7946.75,1
25.0454,nf4,9711,12288,96,8,208.76,63,1980,9251,7939.24,8056,7946.75,1
25.2134,nf4,9711,12288,97,8,208.84,63,1980,9251,7939.24,8056,7946.75,1
25.3822,nf4,9711,12288,97,8,208.84,63,1980,9251,7939.3,8056,7946.75,1
25.5547,nf4,9711,12288,97,8,208.84,63,1980,9251,7939.31,8056,7946.75,1
25.7258,nf4,9711,12288,97,8,209.09,63,1980,9251,7939.24,8056,7946.75,1
25.8934,nf4,9711,12288,97,8,209.09,63,1980,9251,7939.24,8056,7946.75,1
26.0634,nf4,9711,12288,97,8,209.09,63,1980,9251,7939.24,8056,7946.75,1
26.2359,nf4,9707,12288,98,8,209.1,63,1980,9251,7939.24,8056,7946.75,1
26.4058,nf4,9703,12288,98,8,209.1,63,1980,9251,7939.24,8056,7946.75,1
26.5758,nf4,9703,12288,98,8,209.1,63,1980,9251,7939.31,8056,7946.75,1
26.7464,nf4,9703,12288,98,8,209.17,63,1980,9251,7939.26,8056,7946.75,1
26.9185,nf4,9703,12288,98,8,209.17,63,1980,9251,7939.24,8056,7946.75,1
27.0894,nf4,9703,12288,98,8,209.17,63,1980,9251,7939.24,8056,7946.75,1
27.2579,nf4,9727,12288,97,8,208.97,64,1980,9251,7939.24,8056,7946.75,1
27.4284,nf4,9727,12288,97,8,208.97,64,1980,9251,7939.24,8056,7946.75,1
27.6000,nf4,9727,12288,97,8,208.97,64,1980,9251,7939.24,8056,7946.75,1
27.7689,nf4,9727,12288,97,8,208.38,64,1980,9251,7939.24,8056,7946.75,1
27.9385,nf4,9727,12288,97,8,208.38,64,1980,9251,7939.24,8056,7946.75,1
28.1090,nf4,9727,12288,97,8,208.38,64,1980,9251,7939.28,8056,7946.75,1
28.2800,nf4,9727,12288,98,8,208.57,64,1980,9251,7939.24,8056,7946.75,1
28.4491,nf4,9727,12288,98,8,208.57,64,1980,9251,7939.24,8056,7946.75,1
28.6209,nf4,9729,12288,98,8,208.57,64,1980,9251,7939.24,8056,7946.75,1
28.7906,nf4,9729,12288,98,8,209.25,64,1980,9251,7939.24,8056,7946.75,1
28.9599,nf4,9729,12288,98,8,209.25,64,1980,9251,7939.24,8056,7946.75,1
29.1286,nf4,9737,12288,98,8,209.25,64,1980,9251,7939.24,8056,7946.75,1
29.2971,nf4,9737,12288,96,8,209.14,64,1980,9251,7939.24,8056,7946.75,1
29.4658,nf4,9717,12288,96,8,209.14,64,1980,9251,7939.24,8056,7946.75,1
29.6359,nf4,9717,12288,96,8,208.65,64,1980,9251,7939.28,8056,7946.75,1
29.8192,nf4,9712,12288,96,8,208.65,64,1980,9251,7939.27,8056,7946.75,1
29.9870,nf4,9720,12288,96,8,208.65,64,1980,9251,7939.26,8056,7946.75,1
30.1719,nf4,9755,12288,96,9,207.45,64,1980,9251,7939.29,8056,7946.75,1
30.3410,nf4,9755,12288,96,9,207.45,64,1980,9251,7939.27,8056,7946.75,1
30.5089,nf4,9756,12288,96,9,207.45,64,1980,9251,7939.27,8056,7946.75,1
30.6805,nf4,9756,12288,96,9,206,64,1980,9251,7939.31,8056,7946.75,1
30.8493,nf4,9762,12288,96,9,206,64,1980,9251,7939.3,8056,7946.75,1
31.0173,nf4,9763,12288,96,9,206,64,1980,9251,7939.24,8056,7946.75,1
31.1869,nf4,9763,12288,96,9,206.48,64,1980,9251,7939.31,8056,7946.75,1
31.3589,nf4,9767,12288,96,9,206.48,64,1980,9251,7939.26,8056,7946.75,1
31.5292,nf4,9768,12288,96,9,206.48,64,1980,9251,7939.24,8056,7946.75,1
31.6999,nf4,9768,12288,96,9,207.81,64,1980,9251,7939.24,8056,7946.75,1
31.8686,nf4,9768,12288,96,9,207.81,64,1980,9251,7939.24,8056,7946.75,1
32.0382,nf4,9768,12288,96,9,207.81,64,1980,9251,7939.24,8056,7946.75,1
32.2070,nf4,9768,12288,98,8,209.14,64,1980,9251,7939.24,8056,7946.75,1
32.3784,nf4,9832,12288,98,8,209.14,64,1980,9251,7939.24,8056,7946.75,1
32.5487,nf4,9942,12288,98,8,209.14,64,1980,9251,7939.24,8056,7946.75,1
32.7174,nf4,9908,12288,98,8,210.87,64,1980,9251,7939.24,8056,7946.75,1
32.8877,nf4,9911,12288,98,8,210.87,64,1980,9251,7939.24,8056,7946.75,1
33.0719,nf4,9919,12288,98,8,210.87,64,1980,9251,7939.24,8056,7946.75,1
33.2400,nf4,9919,12288,97,13,210.43,64,1980,9251,7939.24,8056,7946.75,1
33.4085,nf4,9919,12288,97,13,210.43,64,1980,9251,7939.24,8056,7946.75,1
33.5785,nf4,9919,12288,97,13,210.43,64,1980,9251,7939.24,8056,7946.75,1
33.7500,nf4,9916,12288,97,13,209.05,64,1980,9251,7939.24,8056,7946.75,1
33.9201,nf4,9916,12288,97,13,209.05,64,1980,9251,7939.24,8056,7946.75,1
34.0916,nf4,9916,12288,97,13,209.05,64,1980,9251,7939.24,8056,7946.75,1
34.2618,nf4,9916,12288,97,10,208.23,64,1980,9251,7939.3,8056,7946.75,1
34.4312,nf4,9916,12288,97,10,208.23,64,1980,9251,7939.29,8056,7946.75,1
34.6005,nf4,9916,12288,97,10,208.23,64,1980,9251,7939.26,8056,7946.75,1
34.7704,nf4,9916,12288,97,10,208.44,64,1980,9251,7939.24,8056,7946.75,1
34.9415,nf4,9916,12288,97,10,208.44,64,1980,9251,7939.24,8056,7946.75,1
35.1108,nf4,9916,12288,97,10,208.44,64,1980,9251,7939.24,8056,7946.75,1
35.2816,nf4,9916,12288,97,8,209.79,65,1980,9251,7939.24,8056,7946.75,1
35.4525,nf4,9916,12288,97,8,209.79,65,1980,9251,7939.24,8056,7946.75,1
35.6210,nf4,9907,12288,97,8,209.79,65,1980,9251,7939.29,8056,7946.75,1
35.7904,nf4,9907,12288,97,8,210.7,65,1980,9251,7939.29,8056,7946.75,1
35.9613,nf4,9907,12288,97,8,210.7,65,1980,9251,7939.24,8056,7946.75,1
36.1301,nf4,9907,12288,97,8,210.7,65,1980,9251,7939.24,8056,7946.75,1
36.2999,nf4,9907,12288,97,8,210.78,65,1980,9251,7939.24,8056,7946.75,1
36.4701,nf4,9907,12288,97,8,210.78,65,1980,9251,7939.24,8056,7946.75,1
36.6369,nf4,9907,12288,97,8,210.81,65,1980,9251,7939.24,8056,7946.75,1
36.8064,nf4,9907,12288,97,8,210.81,65,1980,9251,7939.24,8056,7946.75,1
36.9757,nf4,9907,12288,97,8,210.81,65,1980,9251,7939.27,8056,7946.75,1
37.1459,nf4,9907,12288,98,8,211.01,65,1980,9251,7939.24,8056,7946.75,1
37.3164,nf4,9907,12288,98,8,211.01,65,1980,9251,7939.24,8056,7946.75,1
37.4853,nf4,9903,12288,98,8,211.01,65,1980,9251,7939.24,8056,7946.75,1
37.6540,nf4,9903,12288,98,8,211.05,65,1980,9251,7939.24,8056,7946.75,1
37.8249,nf4,9903,12288,98,8,211.05,65,1980,9251,7939.24,8056,7946.75,1
37.9926,nf4,9903,12288,98,8,211.05,65,1980,9251,7939.24,8056,7946.75,1
38.1616,nf4,9903,12288,97,8,211,65,1980,9251,7939.3,8056,7946.75,1
38.3336,nf4,9903,12288,97,8,211,65,1980,9251,7939.29,8056,7946.75,1
38.5037,nf4,9886,12288,97,8,211,65,1980,9251,7939.24,8056,7946.75,1
38.6732,nf4,9886,12288,97,8,211.05,65,1980,9251,7939.24,8056,7946.75,1
38.8441,nf4,9886,12288,97,8,211.05,65,1980,9251,7939.24,8056,7946.75,1
39.0132,nf4,9886,12288,97,8,211.05,65,1980,9251,7939.24,8056,7946.75,1
39.1843,nf4,9884,12288,97,8,211.18,65,1980,9251,7939.24,8056,7946.75,1
39.3558,nf4,9884,12288,97,8,211.18,65,1980,9251,7939.28,8056,7946.75,1
39.5272,nf4,9926,12288,97,8,211.18,65,1980,9251,7939.27,8056,7946.75,1
39.6962,nf4,9934,12288,97,8,211.12,65,1980,9251,7939.27,8056,7946.75,1
39.8676,nf4,9934,12288,97,8,211.12,65,1980,9251,7939.24,8056,7946.75,1
40.0385,nf4,9934,12288,97,8,211.12,65,1980,9251,7939.24,8056,7946.75,1
40.2099,nf4,9934,12288,97,8,211.39,65,1980,9251,7939.24,8056,7946.75,1
40.3813,nf4,9934,12288,97,8,211.39,65,1980,9251,7939.24,8056,7946.75,1
40.5492,nf4,9934,12288,97,8,211.39,65,1980,9251,7939.24,8056,7946.75,1
40.7195,nf4,9934,12288,97,8,211.45,65,1980,9251,7939.24,8056,7946.75,1
40.8898,nf4,9934,12288,97,8,211.45,65,1980,9251,7939.31,8056,7946.75,1
41.0606,nf4,9934,12288,97,8,211.45,65,1980,9251,7939.24,8056,7946.75,1
41.2305,nf4,9934,12288,97,8,211.51,65,1980,9251,7939.24,8056,7946.75,1
41.4009,nf4,9935,12288,97,8,211.51,65,1980,9251,7939.24,8056,7946.75,1
41.5705,nf4,9935,12288,97,8,211.51,65,1980,9251,7939.24,8056,7946.75,1
41.7394,nf4,9935,12288,97,8,211.42,65,1980,9251,7939.24,8056,7946.75,1
41.9084,nf4,9935,12288,97,8,211.42,65,1980,9251,7939.24,8056,7946.75,1
42.0784,nf4,9935,12288,97,8,211.42,65,1980,9251,7939.24,8056,7946.75,1
42.2502,nf4,9935,12288,98,8,211.5,66,1980,9251,7939.24,8056,7946.75,1
42.4522,nf4,9936,12288,98,8,211.5,66,1980,9251,7939.24,8056,7946.75,1
42.6239,nf4,9936,12288,98,8,211.5,66,1980,9251,7939.24,8056,7946.75,1
42.7946,nf4,9936,12288,98,8,211.75,66,1980,9251,7939.24,8056,7946.75,1
42.9652,nf4,9935,12288,98,8,211.75,66,1980,9251,7939.24,8056,7946.75,1
43.1362,nf4,9935,12288,97,8,211.74,66,1980,9251,7939.28,8056,7946.75,1
43.3096,nf4,9935,12288,97,8,211.74,66,1980,9251,7939.27,8056,7946.75,1
43.4800,nf4,9935,12288,97,8,211.74,66,1980,9251,7939.24,8056,7946.75,1
43.6501,nf4,9935,12288,97,8,211.55,66,1980,9251,7939.24,8056,7946.75,1
43.8196,nf4,9935,12288,97,8,211.55,66,1980,9251,7939.24,8056,7946.75,1
43.9929,nf4,9935,12288,97,8,211.55,66,1980,9251,7939.24,8056,7946.75,1
44.1662,nf4,9935,12288,97,8,211.89,66,1980,9251,7939.24,8056,7946.75,1
44.3362,nf4,9935,12288,97,8,211.89,66,1980,9251,7939.24,8056,7946.75,1
44.5082,nf4,9935,12288,97,8,211.89,66,1980,9251,7939.27,8056,7946.75,1
44.6779,nf4,9935,12288,97,8,211.78,66,1980,9251,7939.27,8056,7946.75,1
44.8479,nf4,9935,12288,97,8,211.78,66,1980,9251,7939.24,8056,7946.75,1
45.0185,nf4,9935,12288,97,8,211.78,66,1980,9251,7939.24,8056,7946.75,1
45.1913,nf4,9935,12288,98,8,211.82,66,1980,9251,7939.24,8056,7946.75,1
45.3598,nf4,9935,12288,98,8,211.82,66,1980,9251,7939.24,8056,7946.75,1
45.5297,nf4,9935,12288,98,8,211.82,66,1980,9251,7939.24,8056,7946.75,1
45.6994,nf4,9935,12288,98,8,212.01,66,1980,9251,7939.24,8056,7946.75,1
45.8672,nf4,9935,12288,98,8,212.01,66,1980,9251,7939.24,8056,7946.75,1
46.0355,nf4,9935,12288,98,8,212.01,66,1980,9251,7939.26,8056,7946.75,1
46.2062,nf4,9935,12288,97,8,212.17,66,1980,9251,7939.24,8056,7946.75,1
46.3800,nf4,9935,12288,97,8,212.17,66,1980,9251,7939.24,8056,7946.75,1
46.5519,nf4,9935,12288,97,8,212.17,66,1980,9251,7939.24,8056,7946.75,1
46.7220,nf4,9935,12288,97,8,212.05,66,1980,9251,7939.24,8056,7946.75,1
46.8939,nf4,9933,12288,97,8,212.05,66,1980,9251,7939.24,8056,7946.75,1
47.0660,nf4,9933,12288,97,8,212.05,66,1980,9251,7939.28,8056,7946.75,1
47.2373,nf4,9933,12288,96,8,212.29,66,1980,9251,7939.27,8056,7946.75,1
47.4081,nf4,9933,12288,96,8,212.29,66,1980,9251,7939.24,8056,7946.75,1
47.5777,nf4,9932,12288,96,8,212.29,66,1980,9251,7939.24,8056,7946.75,1
47.7492,nf4,9932,12288,96,8,212.31,66,1980,9251,7939.24,8056,7946.75,1
47.9219,nf4,9930,12288,96,8,212.31,66,1980,9251,7939.24,8056,7946.75,1
48.0915,nf4,9934,12288,96,8,212.31,66,1980,9251,7939.24,8056,7946.75,1
48.2614,nf4,9934,12288,98,12,212.41,66,1980,9251,7939.24,8056,7946.75,1
48.4323,nf4,9934,12288,98,12,212.41,66,1980,9251,7939.27,8056,7946.75,1
48.6014,nf4,9934,12288,98,12,212.41,66,1980,9251,7939.31,8056,7946.75,1
48.7706,nf4,9934,12288,98,12,212.41,66,1980,9251,7939.24,8056,7946.75,1
48.9430,nf4,9934,12288,98,12,212.41,66,1980,9251,7939.24,8056,7946.75,1
49.1135,nf4,9934,12288,98,12,212.41,66,1980,9251,7939.24,8056,7946.75,1
49.2852,nf4,9934,12288,97,8,212.65,66,1980,9251,7939.9,8056,7946.75,2
49.4543,nf4,9934,12288,97,8,212.65,66,1980,9251,7940.92,8056,7946.75,2
49.6224,nf4,9934,12288,97,8,212.65,66,1980,9251,7939.9,8056,7946.75,2
49.7904,nf4,9920,12288,97,8,216.52,67,1980,9251,7939.9,8056,7946.75,2
49.9616,nf4,9920,12288,97,8,216.52,67,1980,9251,7940.63,8056,7946.75,2
50.1323,nf4,9920,12288,97,8,216.52,67,1980,9251,7939.9,8056,7946.75,2
50.3032,nf4,9920,12288,98,6,222.43,67,1965,9251,7939.57,8056,7946.75,2
50.4725,nf4,9920,12288,98,6,222.43,67,1965,9251,7939.95,8056,7946.75,2
50.6455,nf4,9924,12288,98,6,225.13,67,1965,9251,7939.24,8056,7946.75,2
50.8173,nf4,9924,12288,98,6,225.13,67,1965,9251,7939.24,8056,7946.75,2
50.9879,nf4,9924,12288,98,6,225.13,67,1965,9251,7939.24,8056,7946.75,2
51.1599,nf4,9924,12288,97,8,221.43,67,1965,9251,7939.24,8056,7946.75,2
51.3323,nf4,9924,12288,97,8,221.43,67,1965,9251,7939.28,8056,7946.75,2
51.5040,nf4,9924,12288,97,8,221.43,67,1965,9251,7939.24,8056,7946.75,2
51.6746,nf4,9924,12288,97,8,215.69,67,1965,9251,7939.24,8056,7946.75,2
51.8428,nf4,9919,12288,97,8,215.69,67,1965,9251,7939.24,8056,7946.75,2
52.0144,nf4,9915,12288,97,8,215.69,67,1965,9251,7939.24,8056,7946.75,2
52.1854,nf4,9915,12288,97,8,213.14,67,1965,9251,7939.24,8056,7946.75,2
52.3561,nf4,9915,12288,97,8,213.14,67,1965,9251,7939.24,8056,7946.75,2
52.5273,nf4,9916,12288,97,8,213.14,67,1965,9251,7939.29,8056,7946.75,2
52.6987,nf4,9916,12288,97,8,212.97,67,1965,9251,7939.24,8056,7946.75,2
52.8698,nf4,9916,12288,97,8,212.97,67,1965,9251,7939.24,8056,7946.75,2
53.0404,nf4,9915,12288,97,8,212.97,67,1965,9251,7939.24,8056,7946.75,2
53.2109,nf4,9910,12288,98,9,212.94,67,1965,9251,7939.24,8056,7946.75,2
53.3808,nf4,9910,12288,98,9,212.94,67,1965,9251,7939.24,8056,7946.75,2
53.5504,nf4,9910,12288,98,9,212.94,67,1965,9251,7939.24,8056,7946.75,2
53.7220,nf4,9910,12288,98,9,213.15,67,1965,9251,7939.24,8056,7946.75,2
53.8917,nf4,9910,12288,98,9,213.15,67,1965,9251,7939.24,8056,7946.75,2
54.0613,nf4,9910,12288,98,9,213.15,67,1965,9251,7939.27,8056,7946.75,2
54.2319,nf4,9910,12288,96,8,213.26,67,1965,9251,7939.27,8056,7946.75,2
54.4021,nf4,9910,12288,96,8,213.26,67,1965,9251,7939.24,8056,7946.75,2
54.5725,nf4,9910,12288,96,8,213.26,67,1965,9251,7939.24,8056,7946.75,2
54.7444,nf4,9910,12288,96,8,212.65,67,1965,9251,7939.24,8056,7946.75,2
54.9150,nf4,9910,12288,96,8,212.65,67,1965,9251,7939.24,8056,7946.75,2
55.0853,nf4,9913,12288,96,8,212.65,67,1965,9251,7939.24,8056,7946.75,2
55.2553,nf4,9920,12288,97,9,212.39,67,1965,9251,7939.24,8056,7946.75,2
55.4272,nf4,9920,12288,97,9,212.39,67,1965,9251,7939.24,8056,7946.75,2
55.5970,nf4,9920,12288,97,9,212.39,67,1965,9251,7939.24,8056,7946.75,2
55.7675,nf4,9920,12288,97,9,212.67,67,1965,9251,7939.31,8056,7946.75,2
55.9363,nf4,9923,12288,97,9,212.67,67,1965,9251,7939.29,8056,7946.75,2
56.1049,nf4,9923,12288,97,9,212.67,67,1965,9251,7939.24,8056,7946.75,2
56.2750,nf4,9923,12288,98,8,212.67,67,1965,9251,7939.24,8056,7946.75,2
56.4480,nf4,9923,12288,98,8,212.67,67,1965,9251,7939.24,8056,7946.75,2
56.6215,nf4,9923,12288,98,8,212.67,67,1965,9251,7939.24,8056,7946.75,2
56.7930,nf4,9923,12288,98,8,212.49,67,1965,9251,7939.24,8056,7946.75,2
56.9617,nf4,9923,12288,98,8,212.49,67,1965,9251,7939.24,8056,7946.75,2
57.1305,nf4,9923,12288,98,8,212.49,67,1965,9251,7939.24,8056,7946.75,2
57.3003,nf4,9923,12288,97,9,213.22,67,1965,9251,7939.24,8056,7946.75,2
57.4689,nf4,9923,12288,97,9,213.22,67,1965,9251,7939.27,8056,7946.75,2
57.6376,nf4,9923,12288,97,9,213.04,67,1965,9251,7939.27,8056,7946.75,2
57.8087,nf4,9923,12288,97,9,213.04,67,1965,9251,7939.24,8056,7946.75,2
57.9780,nf4,9923,12288,97,9,213.04,67,1965,9251,7939.24,8056,7946.75,2
58.1476,nf4,9845,12288,98,8,213.18,67,1965,9251,7939.24,8056,7946.75,2
58.3181,nf4,9813,12288,98,8,213.18,67,1965,9251,7939.24,8056,7946.75,2
58.4884,nf4,9774,12288,98,8,213.18,67,1965,9251,7939.24,8056,7946.75,2
58.6601,nf4,9774,12288,98,8,213.58,67,1965,9251,7939.24,8056,7946.75,2
58.8299,nf4,9772,12288,98,8,213.58,67,1965,9251,7939.24,8056,7946.75,2
58.9997,nf4,9770,12288,98,8,213.58,67,1965,9251,7939.24,8056,7946.75,2
59.1697,nf4,9770,12288,97,8,213.64,67,1965,9251,7939.31,8056,7946.75,2
59.3396,nf4,9770,12288,97,8,213.64,67,1965,9251,7939.26,8056,7946.75,2
59.5118,nf4,9770,12288,97,8,213.64,67,1965,9251,7939.24,8056,7946.75,2
59.6856,nf4,9770,12288,97,8,213.02,67,1965,9251,7939.24,8056,7946.75,2
59.8586,nf4,9770,12288,97,8,213.02,67,1965,9251,7939.24,8056,7946.75,2
60.0275,nf4,9770,12288,97,8,213.02,67,1965,9251,7939.24,8056,7946.75,2
60.1974,nf4,9768,12288,97,8,213.55,67,1965,9251,7939.24,8056,7946.75,2
60.3675,nf4,9768,12288,97,8,213.55,67,1965,9251,7939.27,8056,7946.75,2
60.5367,nf4,9768,12288,97,8,213.55,67,1965,9251,7939.31,8056,7946.75,2
60.7060,nf4,9760,12288,97,8,213.37,67,1965,9251,7939.24,8056,7946.75,2
60.8765,nf4,9760,12288,97,8,213.37,67,1965,9251,7939.24,8056,7946.75,2
61.0466,nf4,9760,12288,97,8,213.37,67,1965,9251,7939.24,8056,7946.75,2
61.2202,nf4,9760,12288,96,8,213.2,67,1965,9251,7939.24,8056,7946.75,2
61.3902,nf4,9760,12288,96,8,213.2,67,1965,9251,7939.24,8056,7946.75,2
61.5592,nf4,9761,12288,96,8,213.2,67,1965,9251,7939.24,8056,7946.75,2
61.7307,nf4,9761,12288,96,8,213.21,67,1965,9251,7939.24,8056,7946.75,2
61.9002,nf4,9761,12288,96,8,213.21,67,1965,9251,7939.24,8056,7946.75,2
62.0694,nf4,9762,12288,96,8,213.21,67,1965,9251,7939.24,8056,7946.75,2
62.2392,nf4,9762,12288,98,8,212.03,67,1965,9251,7939.28,8056,7946.75,2
62.4114,nf4,9762,12288,98,8,212.03,67,1965,9251,7939.29,8056,7946.75,2
62.5802,nf4,9762,12288,98,8,212.03,67,1965,9251,7939.24,8056,7946.75,2
62.7491,nf4,9762,12288,98,8,212.06,67,1965,9251,7939.24,8056,7946.75,2
62.9187,nf4,9762,12288,98,8,212.06,67,1965,9251,7939.24,8056,7946.75,2
63.0879,nf4,9762,12288,98,8,212.06,67,1965,9251,7939.24,8056,7946.75,2
63.2576,nf4,9762,12288,97,8,213.47,67,1965,9251,7939.24,8056,7946.75,2
63.4284,nf4,9762,12288,97,8,213.47,67,1965,9251,7939.24,8056,7946.75,2
63.5979,nf4,9762,12288,97,8,213.47,67,1965,9251,7939.24,8056,7946.75,2
63.7694,nf4,9762,12288,97,8,212.05,67,1965,9251,7939.24,8056,7946.75,2
63.9404,nf4,9762,12288,97,8,212.05,67,1965,9251,7939.24,8056,7946.75,2
64.1089,nf4,9762,12288,97,8,212.05,67,1965,9251,7939.24,8056,7946.75,2
64.2803,nf4,9762,12288,96,9,211.44,67,1965,9251,7939.24,8056,7946.75,2
64.4495,nf4,9762,12288,96,9,211.44,67,1965,9251,7939.24,8056,7946.75,2
64.6182,nf4,9762,12288,96,9,211.44,67,1965,9251,7939.28,8056,7946.75,2
64.7899,nf4,9762,12288,96,9,211.6,67,1965,9251,7939.27,8056,7946.75,2
64.9605,nf4,9762,12288,96,9,211.6,67,1965,9251,7939.24,8056,7946.75,2
65.1297,nf4,9762,12288,96,9,211.6,67,1965,9251,7939.24,8056,7946.75,2
65.3004,nf4,9762,12288,98,8,212.48,67,1965,9251,7939.24,8056,7946.75,2
65.4689,nf4,9762,12288,98,8,212.48,67,1965,9251,7939.24,8056,7946.75,2
65.6402,nf4,9762,12288,98,8,213.66,68,1965,9251,7939.24,8056,7946.75,2
65.8104,nf4,9762,12288,98,8,213.66,68,1965,9251,7939.24,8056,7946.75,2
65.9804,nf4,9762,12288,98,8,213.66,68,1965,9251,7939.27,8056,7946.75,2
66.1506,nf4,9762,12288,97,12,213.89,68,1965,9251,7939.24,8056,7946.75,2
66.3222,nf4,9762,12288,97,12,213.89,68,1965,9251,7939.29,8056,7946.75,2
66.4905,nf4,9762,12288,97,12,213.89,68,1965,9251,7939.27,8056,7946.75,2
66.6614,nf4,9762,12288,97,12,214.14,68,1965,9251,7939.24,8056,7946.75,2
66.8304,nf4,9762,12288,97,12,214.14,68,1965,9251,7939.24,8056,7946.75,2
67.0021,nf4,9762,12288,97,12,214.14,68,1965,9251,7939.24,8056,7946.75,2
67.1744,nf4,9762,12288,98,8,214.14,68,1965,9251,7939.24,8056,7946.75,2
67.3450,nf4,9762,12288,98,8,214.14,68,1965,9251,7939.24,8056,7946.75,2
67.5142,nf4,9766,12288,98,8,214.14,68,1965,9251,7939.24,8056,7946.75,2
67.6851,nf4,9766,12288,98,8,213.59,68,1965,9251,7939.24,8056,7946.75,2
67.8567,nf4,9766,12288,98,8,213.59,68,1965,9251,7939.29,8056,7946.75,2
68.0268,nf4,9766,12288,98,8,213.59,68,1965,9251,7939.28,8056,7946.75,2
68.1943,nf4,9767,12288,97,9,213.5,68,1965,9251,7939.24,8056,7946.75,2
68.3630,nf4,9767,12288,97,9,213.5,68,1965,9251,7939.31,8056,7946.75,2
68.5334,nf4,9767,12288,97,9,213.5,68,1965,9251,7939.24,8056,7946.75,2
68.7015,nf4,9785,12288,97,9,212.49,68,1965,9251,7939.31,8056,7946.75,2
68.8714,nf4,9785,12288,97,9,212.49,68,1965,9251,7939.31,8056,7946.75,2
69.0416,nf4,9785,12288,97,9,212.49,68,1965,9251,7939.29,8056,7946.75,2
69.2097,nf4,9785,12288,96,8,211.63,68,1965,9251,7939.24,8056,7946.75,2
69.3789,nf4,9784,12288,96,8,211.63,68,1965,9251,7939.24,8056,7946.75,2
69.5486,nf4,9784,12288,96,8,211.63,68,1965,9251,7939.24,8056,7946.75,2
69.7181,nf4,9784,12288,96,8,212.49,68,1965,9251,7939.24,8056,7946.75,2
69.8902,nf4,9784,12288,96,8,212.49,68,1965,9251,7939.24,8056,7946.75,2
70.0610,nf4,9784,12288,96,8,212.49,68,1965,9251,7939.24,8056,7946.75,2
70.2297,nf4,9784,12288,98,8,214.11,68,1965,9251,7939.24,8056,7946.75,2
70.3985,nf4,9784,12288,98,8,214.11,68,1965,9251,7939.24,8056,7946.75,2
70.5840,nf4,9784,12288,98,8,214.11,68,1965,9251,7939.24,8056,7946.75,2
70.7705,nf4,9783,12288,98,8,214.16,68,1965,9251,7939.31,8056,7946.75,2
70.9420,nf4,9783,12288,98,8,214.16,68,1965,9251,7939.24,8056,7946.75,2
71.1133,nf4,9783,12288,98,8,214.16,68,1965,9251,7939.24,8056,7946.75,2
71.2839,nf4,9783,12288,97,8,213.67,68,1965,9251,7939.24,8056,7946.75,2
71.4539,nf4,9781,12288,97,8,213.67,68,1965,9251,7939.24,8056,7946.75,2
71.6219,nf4,9779,12288,97,8,213.67,68,1965,9251,7939.24,8056,7946.75,2
71.7914,nf4,9757,12288,97,8,213.9,68,1965,9251,7939.24,8056,7946.75,2
71.9638,nf4,9757,12288,97,8,213.9,68,1965,9251,7939.24,8056,7946.75,2
72.1334,nf4,9757,12288,97,8,213.9,68,1965,9251,7939.24,8056,7946.75,2
72.3028,nf4,9757,12288,96,9,212.7,68,1965,9251,7939.24,8056,7946.75,2
72.4721,nf4,9767,12288,96,9,212.7,68,1965,9251,7939.24,8056,7946.75,2
72.6429,nf4,9766,12288,96,9,211.07,68,1965,9251,7939.24,8056,7946.75,2
72.8111,nf4,9766,12288,96,9,211.07,68,1965,9251,7939.24,8056,7946.75,2
72.9814,nf4,9766,12288,96,9,211.07,68,1965,9251,7939.24,8056,7946.75,2
73.1517,nf4,9766,12288,97,8,211.12,68,1965,9251,7939.24,8056,7946.75,2
73.3218,nf4,9766,12288,97,8,211.12,68,1965,9251,7939.27,8056,7946.75,2
73.4928,nf4,9767,12288,97,8,211.12,68,1965,9251,7939.27,8056,7946.75,2
73.6627,nf4,9767,12288,97,8,212.22,68,1965,9251,7939.29,8056,7946.75,2
73.8336,nf4,9777,12288,97,8,212.22,68,1965,9251,7939.24,8056,7946.75,2
74.0031,nf4,9777,12288,97,8,212.22,68,1965,9251,7939.24,8056,7946.75,2
74.1742,nf4,9777,12288,98,8,212.53,68,1965,9251,7939.24,8056,7946.75,2
74.3424,nf4,9777,12288,98,8,212.53,68,1965,9251,7939.24,8056,7946.75,2
74.5143,nf4,9777,12288,98,8,212.53,68,1965,9251,7939.24,8056,7946.75,2
74.6842,nf4,9777,12288,98,8,212.86,68,1965,9251,7939.24,8056,7946.75,2
74.8560,nf4,9777,12288,98,8,212.86,68,1965,9251,7939.24,8056,7946.75,2
75.0256,nf4,9777,12288,98,8,212.86,68,1965,9251,7939.31,8056,7946.75,2
75.1981,nf4,9777,12288,97,8,213.98,68,1965,9251,7939.26,8056,7946.75,2
75.3663,nf4,9776,12288,97,8,213.98,68,1965,9251,7939.24,8056,7946.75,2
75.5372,nf4,9780,12288,97,8,213.98,68,1965,9251,7939.24,8056,7946.75,2
75.7051,nf4,9778,12288,97,8,214.21,68,1965,9251,7939.24,8056,7946.75,2
75.8757,nf4,9776,12288,97,8,214.21,68,1965,9251,7939.24,8056,7946.75,2
76.0449,nf4,9776,12288,97,8,214.21,68,1965,9251,7939.24,8056,7946.75,2
76.2156,nf4,9788,12288,98,8,213.85,68,1965,9251,7939.24,8056,7946.75,2
76.3865,nf4,9788,12288,98,8,213.85,68,1965,9251,7939.24,8056,7946.75,2
76.5563,nf4,9793,12288,98,8,213.85,68,1965,9251,7939.24,8056,7946.75,2
76.7396,nf4,9792,12288,98,8,213.31,68,1965,9251,7939.24,8056,7946.75,2
76.9084,nf4,9796,12288,98,8,213.31,68,1965,9251,7939.24,8056,7946.75,2
77.0770,nf4,9796,12288,98,8,213.31,68,1965,9251,7939.24,8056,7946.75,2
77.2504,nf4,9796,12288,98,8,212.47,68,1965,9251,7939.27,8056,7946.75,2
77.4190,nf4,9796,12288,98,8,212.47,68,1965,9251,7939.27,8056,7946.75,2
77.5907,nf4,9796,12288,98,8,212.47,68,1965,9251,7939.24,8056,7946.75,2
77.7620,nf4,9796,12288,98,8,212.95,68,1965,9251,7939.24,8056,7946.75,2
77.9329,nf4,9796,12288,98,8,212.95,68,1965,9251,7939.24,8056,7946.75,2
78.1036,nf4,9796,12288,98,8,212.95,68,1965,9251,7939.24,8056,7946.75,2
78.2746,nf4,9796,12288,97,8,214.21,68,1965,9251,7939.24,8056,7946.75,2
78.4423,nf4,9796,12288,97,8,214.21,68,1965,9251,7939.24,8056,7946.75,2
78.6130,nf4,9796,12288,97,8,214.21,68,1965,9251,7939.27,8056,7946.75,2
78.7831,nf4,9796,12288,97,8,214.11,68,1965,9251,7939.27,8056,7946.75,2
78.9537,nf4,9796,12288,97,8,214.11,68,1965,9251,7939.24,8056,7946.75,2
79.1240,nf4,9796,12288,97,8,214.11,68,1965,9251,7939.24,8056,7946.75,2
79.2968,nf4,9796,12288,97,8,214.38,68,1965,9251,7939.24,8056,7946.75,2
79.4647,nf4,9801,12288,97,8,214.38,68,1965,9251,7939.24,8056,7946.75,2
79.6358,nf4,9801,12288,97,8,214.38,68,1965,9251,7939.24,8056,7946.75,2
79.8070,nf4,9801,12288,97,8,214.43,68,1965,9251,7939.24,8056,7946.75,2
79.9779,nf4,9801,12288,97,8,214.43,68,1965,9251,7939.28,8056,7946.75,2
80.1484,nf4,9796,12288,98,8,214.43,68,1965,9251,7939.24,8056,7946.75,2
80.3192,nf4,9796,12288,98,8,214.43,68,1965,9251,7939.24,8056,7946.75,2
80.4875,nf4,9796,12288,98,8,214.43,68,1965,9251,7939.24,8056,7946.75,2
80.6586,nf4,9796,12288,98,8,214.6,68,1965,9251,7939.24,8056,7946.75,2
80.8294,nf4,9826,12288,98,8,214.6,68,1965,9251,7939.24,8056,7946.75,2
81.0005,nf4,9826,12288,98,8,214.6,68,1965,9251,7939.24,8056,7946.75,2
81.1708,nf4,9826,12288,97,8,214.53,68,1965,9251,7939.24,8056,7946.75,2
81.3743,nf4,9879,12288,97,8,214.53,68,1965,9251,7939.24,8056,7946.75,2
81.5422,nf4,9899,12288,97,8,214.53,68,1965,9251,7939.24,8056,7946.75,2
81.7111,nf4,9899,12288,97,8,214.54,68,1965,9251,7939.24,8056,7946.75,2
81.8800,nf4,9899,12288,97,8,214.54,68,1965,9251,7939.24,8056,7946.75,2
82.0503,nf4,9899,12288,97,8,214.54,68,1965,9251,7939.24,8056,7946.75,2
82.2210,nf4,9894,12288,97,11,215.7,68,1965,9251,7939.24,8056,7946.75,2
82.3888,nf4,9891,12288,97,11,215.7,68,1965,9251,7939.24,8056,7946.75,2
82.5578,nf4,9887,12288,97,11,215.7,68,1965,9251,7939.24,8056,7946.75,2
82.7268,nf4,9834,12288,97,11,216.31,68,1965,9251,7939.24,8056,7946.75,2
82.8962,nf4,9829,12288,97,11,216.31,68,1965,9251,7939.24,8056,7946.75,2
83.0672,nf4,9829,12288,97,11,216.31,68,1965,9251,7939.27,8056,7946.75,2
83.2371,nf4,9829,12288,97,8,215.21,68,1965,9251,7939.24,8056,7946.75,2
83.4084,nf4,9829,12288,97,8,215.21,68,1965,9251,7939.24,8056,7946.75,2
83.5774,nf4,9829,12288,97,8,215.21,68,1965,9251,7939.24,8056,7946.75,2
83.7479,nf4,9829,12288,97,8,214.54,68,1965,9251,7939.24,8056,7946.75,2
83.9189,nf4,9811,12288,97,8,214.54,68,1965,9251,7939.24,8056,7946.75,2
84.0884,nf4,9799,12288,97,8,214.54,68,1965,9251,7939.24,8056,7946.75,2
84.2598,nf4,9789,12288,96,8,214.19,68,1965,9251,7939.24,8056,7946.75,2
84.4295,nf4,9752,12288,96,8,214.19,68,1965,9251,7939.24,8056,7946.75,2
84.5994,nf4,9752,12288,96,8,214.19,68,1965,9251,7939.31,8056,7946.75,2
84.7704,nf4,9752,12288,96,8,213.94,68,1965,9251,7939.24,8056,7946.75,2
84.9404,nf4,9767,12288,96,8,213.94,68,1965,9251,7939.24,8056,7946.75,2
85.1108,nf4,9767,12288,96,8,213.94,68,1965,9251,7939.24,8056,7946.75,2
85.2829,nf4,9767,12288,97,8,214.25,68,1965,9251,7939.24,8056,7946.75,2
85.4541,nf4,9767,12288,97,8,214.25,68,1965,9251,7939.24,8056,7946.75,2
85.6224,nf4,9767,12288,97,8,214.25,68,1965,9251,7939.24,8056,7946.75,2
85.7922,nf4,9767,12288,97,8,214.45,68,1965,9251,7939.27,8056,7946.75,2
85.9636,nf4,9767,12288,97,8,214.45,68,1965,9251,7939.31,8056,7946.75,2
86.1342,nf4,9764,12288,97,8,214.45,68,1965,9251,7939.24,8056,7946.75,2
86.3053,nf4,9760,12288,98,8,214.58,68,1965,9251,7939.24,8056,7946.75,2
86.4738,nf4,9760,12288,98,8,214.58,68,1965,9251,7939.24,8056,7946.75,2
86.6418,nf4,9760,12288,98,8,214.55,68,1965,9251,7939.24,8056,7946.75,2
86.8104,nf4,9760,12288,98,8,214.55,68,1965,9251,7939.24,8056,7946.75,2
86.9953,nf4,9759,12288,98,8,214.55,68,1965,9251,7939.24,8056,7946.75,2
87.1642,nf4,9759,12288,97,8,214.34,68,1965,9251,7939.29,8056,7946.75,2
87.3362,nf4,9759,12288,97,8,214.34,68,1965,9251,7939.24,8056,7946.75,2
87.5072,nf4,9759,12288,97,8,214.34,68,1965,9251,7939.24,8056,7946.75,2
87.6775,nf4,9759,12288,97,8,214.38,68,1965,9251,7939.24,8056,7946.75,2
87.8488,nf4,9759,12288,97,8,214.38,68,1965,9251,7939.24,8056,7946.75,2
88.0198,nf4,9759,12288,97,8,214.38,68,1965,9251,7939.24,8056,7946.75,2
88.1895,nf4,9759,12288,97,8,214.54,68,1965,9251,7939.24,8056,7946.75,2
88.3591,nf4,9759,12288,97,8,214.54,68,1965,9251,7939.27,8056,7946.75,2
88.5296,nf4,9759,12288,97,8,214.54,68,1965,9251,7939.31,8056,7946.75,2
88.6995,nf4,9759,12288,97,8,214.49,68,1965,9251,7939.24,8056,7946.75,2
88.8709,nf4,9759,12288,97,8,214.49,68,1965,9251,7939.24,8056,7946.75,2
89.0411,nf4,9759,12288,97,8,214.49,68,1965,9251,7939.24,8056,7946.75,2
89.2125,nf4,9759,12288,98,8,214.56,68,1965,9251,7939.24,8056,7946.75,2
89.3846,nf4,9759,12288,98,8,214.56,68,1965,9251,7939.24,8056,7946.75,2
89.5568,nf4,9759,12288,98,8,214.56,68,1965,9251,7939.27,8056,7946.75,2
89.7269,nf4,9759,12288,98,8,214.82,68,1965,9251,7939.29,8056,7946.75,2
89.8981,nf4,9759,12288,98,8,214.82,68,1965,9251,7939.24,8056,7946.75,2
90.0700,nf4,9759,12288,98,8,214.82,68,1965,9251,7939.24,8056,7946.75,2
90.2403,nf4,9759,12288,97,8,214.7,68,1965,9251,7939.9,8056,7946.75,3
90.4086,nf4,9759,12288,97,8,214.7,68,1965,9251,7941.24,8056,7946.75,3
90.5793,nf4,9759,12288,97,8,214.7,68,1965,9251,7939.9,8056,7946.75,3
90.7505,nf4,9759,12288,97,8,219.07,69,1965,9251,7939.9,8056,7946.75,3
90.9219,nf4,9759,12288,97,8,219.07,69,1965,9251,7940.92,8056,7946.75,3
91.0937,nf4,9759,12288,97,8,219.07,69,1965,9251,7939.9,8056,7946.75,3
91.2642,nf4,9759,12288,98,6,225.04,69,1965,9251,7939.24,8056,7946.75,3
91.4344,nf4,9759,12288,98,6,225.04,69,1965,9251,7939.29,8056,7946.75,3
91.6064,nf4,9759,12288,98,6,225.04,69,1965,9251,7939.24,8056,7946.75,3
91.7744,nf4,9759,12288,98,6,225.96,69,1965,9251,7939.24,8056,7946.75,3
91.9474,nf4,9759,12288,98,6,225.96,69,1965,9251,7939.24,8056,7946.75,3
92.1214,nf4,9759,12288,98,6,225.96,69,1965,9251,7939.24,8056,7946.75,3
92.2947,nf4,9759,12288,97,8,220.5,68,1965,9251,7939.24,8056,7946.75,3
92.4659,nf4,9759,12288,97,8,220.5,68,1965,9251,7939.27,8056,7946.75,3
92.6376,nf4,9759,12288,97,8,215.25,69,1965,9251,7939.27,8056,7946.75,3
92.8071,nf4,9759,12288,97,8,215.25,69,1965,9251,7939.24,8056,7946.75,3
92.9775,nf4,9759,12288,97,8,215.25,69,1965,9251,7939.24,8056,7946.75,3
93.1462,nf4,9759,12288,98,8,215.02,69,1965,9251,7939.24,8056,7946.75,3
93.3172,nf4,9759,12288,98,8,215.02,69,1965,9251,7939.24,8056,7946.75,3
93.4863,nf4,9759,12288,98,8,215.02,69,1965,9251,7939.24,8056,7946.75,3
93.6543,nf4,9759,12288,98,8,214.98,68,1965,9251,7939.24,8056,7946.75,3
93.8266,nf4,9759,12288,98,8,214.98,68,1965,9251,7939.29,8056,7946.75,3
93.9975,nf4,9759,12288,98,8,214.98,68,1965,9251,7939.29,8056,7946.75,3
94.1685,nf4,9759,12288,97,8,214.96,68,1965,9251,7939.24,8056,7946.75,3
94.3401,nf4,9759,12288,97,8,214.96,68,1965,9251,7939.24,8056,7946.75,3
94.5103,nf4,9759,12288,97,8,214.96,68,1965,9251,7939.24,8056,7946.75,3
94.6820,nf4,9759,12288,97,8,215.2,69,1965,9251,7939.24,8056,7946.75,3
94.8512,nf4,9759,12288,97,8,215.2,69,1965,9251,7939.24,8056,7946.75,3
95.0231,nf4,9759,12288,97,8,215.2,69,1965,9251,7939.27,8056,7946.75,3
95.1924,nf4,9759,12288,97,8,215.4,68,1965,9251,7939.3,8056,7946.75,3
95.3657,nf4,9759,12288,97,8,215.4,68,1965,9251,7939.24,8056,7946.75,3
95.5376,nf4,9759,12288,97,8,215.4,68,1965,9251,7939.24,8056,7946.75,3
95.7092,nf4,9759,12288,97,8,215.28,69,1965,9251,7939.24,8056,7946.75,3
95.8776,nf4,9759,12288,97,8,215.28,69,1965,9251,7939.24,8056,7946.75,3
96.0458,nf4,9759,12288,97,8,215.28,69,1965,9251,7939.24,8056,7946.75,3
96.2151,nf4,9759,12288,98,8,215.26,69,1965,9251,7939.3,8056,7946.75,3
96.3846,nf4,9759,12288,98,8,215.26,69,1965,9251,7939.29,8056,7946.75,3
96.5562,nf4,9759,12288,98,8,215.26,69,1965,9251,7939.24,8056,7946.75,3
96.7260,nf4,9759,12288,98,8,215.29,69,1965,9251,7939.24,8056,7946.75,3
96.8970,nf4,9759,12288,98,8,215.29,69,1965,9251,7939.24,8056,7946.75,3
97.0686,nf4,9759,12288,98,8,215.29,69,1965,9251,7939.24,8056,7946.75,3
97.2404,nf4,9759,12288,97,8,215.09,69,1965,9251,7939.24,8056,7946.75,3
97.4123,nf4,9759,12288,97,8,215.09,69,1965,9251,7939.27,8056,7946.75,3
97.5842,nf4,9759,12288,97,8,215.09,69,1965,9251,7939.31,8056,7946.75,3
97.7543,nf4,9759,12288,97,8,215.1,69,1965,9251,7939.24,8056,7946.75,3
97.9245,nf4,9759,12288,97,8,215.1,69,1965,9251,7939.24,8056,7946.75,3
98.0943,nf4,9759,12288,97,8,215.1,69,1965,9251,7939.24,8056,7946.75,3
98.2647,nf4,9759,12288,97,8,215.28,69,1965,9251,7939.24,8056,7946.75,3
98.4365,nf4,9759,12288,97,8,215.28,69,1965,9251,7939.24,8056,7946.75,3
98.6076,nf4,9759,12288,97,8,215.28,69,1965,9251,7939.27,8056,7946.75,3
98.7797,nf4,9759,12288,97,8,215.12,69,1965,9251,7939.27,8056,7946.75,3
98.9517,nf4,9759,12288,97,8,215.12,69,1965,9251,7939.24,8056,7946.75,3
99.1218,nf4,9759,12288,97,8,215.12,69,1965,9251,7939.24,8056,7946.75,3
99.2919,nf4,9759,12288,98,8,215.02,69,1965,9251,7939.24,8056,7946.75,3
99.4616,nf4,9759,12288,98,8,215.02,69,1965,9251,7939.24,8056,7946.75,3
99.6327,nf4,9759,12288,98,8,215.02,69,1965,9251,7939.24,8056,7946.75,3
99.8059,nf4,9759,12288,98,8,215.09,69,1965,9251,7939.24,8056,7946.75,3
99.9777,nf4,9759,12288,98,8,215.09,69,1965,9251,7939.29,8056,7946.75,3
100.1486,nf4,9759,12288,97,8,215.02,69,1965,9251,7939.24,8056,7946.75,3
100.3198,nf4,9759,12288,97,8,215.02,69,1965,9251,7939.24,8056,7946.75,3
100.4890,nf4,9759,12288,97,8,215.02,69,1965,9251,7939.24,8056,7946.75,3
100.6610,nf4,9759,12288,97,8,215.09,69,1965,9251,7939.24,8056,7946.75,3
100.8315,nf4,9759,12288,97,8,215.09,69,1965,9251,7939.24,8056,7946.75,3
100.9995,nf4,9759,12288,97,8,215.09,69,1965,9251,7939.24,8056,7946.75,3
101.1699,nf4,9759,12288,96,8,215.15,69,1965,9251,7939.27,8056,7946.75,3
101.3407,nf4,9759,12288,96,8,215.15,69,1965,9251,7939.24,8056,7946.75,3
101.5105,nf4,9759,12288,96,8,215.15,69,1965,9251,7939.24,8056,7946.75,3
101.6813,nf4,9759,12288,96,8,214.84,69,1965,9251,7939.24,8056,7946.75,3
101.8502,nf4,9759,12288,96,8,214.84,69,1965,9251,7939.24,8056,7946.75,3
102.0179,nf4,9759,12288,96,8,214.84,69,1965,9251,7939.24,8056,7946.75,3
102.1876,nf4,9759,12288,98,8,214.91,69,1965,9251,7939.24,8056,7946.75,3
102.3564,nf4,9759,12288,98,8,214.91,69,1965,9251,7939.24,8056,7946.75,3
102.5253,nf4,9759,12288,98,8,214.91,69,1965,9251,7939.27,8056,7946.75,3
102.6966,nf4,9759,12288,98,8,215.15,69,1965,9251,7939.24,8056,7946.75,3
102.8648,nf4,9759,12288,98,8,215.15,69,1965,9251,7939.24,8056,7946.75,3
103.0354,nf4,9759,12288,98,8,215.15,69,1965,9251,7939.24,8056,7946.75,3
103.2056,nf4,9759,12288,97,8,214.98,69,1965,9251,7939.24,8056,7946.75,3
103.3752,nf4,9759,12288,97,8,214.98,69,1965,9251,7939.24,8056,7946.75,3
103.5456,nf4,9759,12288,97,8,214.98,69,1965,9251,7939.24,8056,7946.75,3
103.7159,nf4,9759,12288,97,8,215.04,69,1965,9251,7939.31,8056,7946.75,3
103.8873,nf4,9759,12288,97,8,215.04,69,1965,9251,7939.25,8056,7946.75,3
104.0587,nf4,9759,12288,97,8,215.04,69,1965,9251,7939.24,8056,7946.75,3
104.2293,nf4,9759,12288,97,8,215.17,69,1965,9251,7939.24,8056,7946.75,3
104.3984,nf4,9759,12288,97,8,215.17,69,1965,9251,7939.24,8056,7946.75,3
104.5686,nf4,9759,12288,97,8,215.17,69,1965,9251,7939.24,8056,7946.75,3
104.7402,nf4,9759,12288,97,8,215.09,69,1965,9251,7939.24,8056,7946.75,3
104.9096,nf4,9759,12288,97,8,215.09,69,1965,9251,7939.27,8056,7946.75,3
105.0799,nf4,9759,12288,97,8,215.09,69,1965,9251,7939.29,8056,7946.75,3
105.2507,nf4,9759,12288,98,8,215.18,69,1965,9251,7939.24,8056,7946.75,3
105.4224,nf4,9759,12288,98,8,215.18,69,1965,9251,7939.24,8056,7946.75,3
105.5911,nf4,9759,12288,98,8,215.18,69,1965,9251,7939.24,8056,7946.75,3
105.7625,nf4,9759,12288,98,8,215.34,69,1965,9251,7939.24,8056,7946.75,3
105.9322,nf4,9759,12288,98,8,215.34,69,1965,9251,7939.24,8056,7946.75,3
106.1042,nf4,9759,12288,98,8,215.34,69,1965,9251,7939.24,8056,7946.75,3
106.2731,nf4,9759,12288,97,8,215.15,69,1965,9251,7939.32,8056,7946.75,3
106.4435,nf4,9759,12288,97,8,215.15,69,1965,9251,7939.24,8056,7946.75,3
106.6158,nf4,9759,12288,97,8,215.15,69,1965,9251,7939.24,8056,7946.75,3
106.7871,nf4,9759,12288,97,8,214.98,69,1965,9251,7939.24,8056,7946.75,3
106.9589,nf4,9759,12288,97,8,214.98,69,1965,9251,7939.24,8056,7946.75,3
107.1305,nf4,9759,12288,97,8,214.98,69,1965,9251,7939.24,8056,7946.75,3
107.2996,nf4,9759,12288,97,8,215.22,69,1965,9251,7939.24,8056,7946.75,3
107.4695,nf4,9759,12288,97,8,215.22,69,1965,9251,7939.27,8056,7946.75,3
107.6392,nf4,9759,12288,97,8,215.29,69,1965,9251,7939.24,8056,7946.75,3
107.8110,nf4,9759,12288,97,8,215.29,69,1965,9251,7939.24,8056,7946.75,3
107.9819,nf4,9759,12288,97,8,215.29,69,1965,9251,7939.24,8056,7946.75,3
108.1539,nf4,9759,12288,98,8,215.18,69,1965,9251,7939.24,8056,7946.75,3
108.3237,nf4,9759,12288,98,8,215.18,69,1965,9251,7939.24,8056,7946.75,3
108.4950,nf4,9759,12288,98,8,215.18,69,1965,9251,7939.24,8056,7946.75,3
108.6662,nf4,9759,12288,98,8,215.29,69,1965,9251,7939.26,8056,7946.75,3
108.8356,nf4,9759,12288,98,8,215.29,69,1965,9251,7939.31,8056,7946.75,3
109.0054,nf4,9759,12288,98,8,215.29,69,1965,9251,7939.24,8056,7946.75,3
109.1774,nf4,9759,12288,97,8,215.18,69,1965,9251,7939.24,8056,7946.75,3
109.3478,nf4,9759,12288,97,8,215.18,69,1965,9251,7939.24,8056,7946.75,3
109.5168,nf4,9759,12288,97,8,215.18,69,1965,9251,7939.24,8056,7946.75,3
109.6869,nf4,9759,12288,97,8,215.22,69,1965,9251,7939.24,8056,7946.75,3
109.8551,nf4,9759,12288,97,8,215.22,69,1965,9251,7939.24,8056,7946.75,3
110.0251,nf4,9759,12288,97,8,215.22,69,1965,9251,7939.3,8056,7946.75,3
110.1951,nf4,9756,12288,97,8,215.37,69,1965,9251,7939.31,8056,7946.75,3
110.3644,nf4,9756,12288,97,8,215.37,69,1965,9251,7939.24,8056,7946.75,3
110.5329,nf4,9756,12288,97,8,215.37,69,1965,9251,7939.24,8056,7946.75,3
110.7045,nf4,9760,12288,97,8,215.18,69,1965,9251,7939.24,8056,7946.75,3
110.8771,nf4,9760,12288,97,8,215.18,69,1965,9251,7939.24,8056,7946.75,3
111.0457,nf4,9760,12288,97,8,215.18,69,1965,9251,7939.24,8056,7946.75,3
111.2185,nf4,9760,12288,98,8,215.23,69,1965,9251,7939.26,8056,7946.75,3
111.3893,nf4,9760,12288,98,8,215.23,69,1965,9251,7939.29,8056,7946.75,3
111.5579,nf4,9760,12288,98,8,215.23,69,1965,9251,7939.24,8056,7946.75,3
111.7284,nf4,9756,12288,98,8,215.5,69,1965,9251,7939.24,8056,7946.75,3
111.8982,nf4,9756,12288,98,8,215.5,69,1965,9251,7939.24,8056,7946.75,3
112.0660,nf4,9752,12288,98,8,215.5,69,1965,9251,7939.24,8056,7946.75,3
112.2365,nf4,9752,12288,96,8,215.35,69,1965,9251,7939.24,8056,7946.75,3
112.4079,nf4,9752,12288,96,8,215.35,69,1965,9251,7939.24,8056,7946.75,3
112.5794,nf4,9752,12288,96,8,215.35,69,1965,9251,7939.31,8056,7946.75,3
112.7488,nf4,9752,12288,96,8,215.38,69,1965,9251,7939.24,8056,7946.75,3
112.9195,nf4,9752,12288,96,8,215.38,69,1965,9251,7939.24,8056,7946.75,3
113.0906,nf4,9752,12288,96,8,215.38,69,1965,9251,7939.24,8056,7946.75,3
113.2615,nf4,9752,12288,97,8,215.51,69,1965,9251,7939.24,8056,7946.75,3
113.4322,nf4,9752,12288,97,8,215.51,69,1965,9251,7939.24,8056,7946.75,3
113.6045,nf4,9752,12288,97,8,215.51,69,1965,9251,7939.24,8056,7946.75,3
113.7736,nf4,9752,12288,97,8,215.37,69,1965,9251,7939.27,8056,7946.75,3
113.9456,nf4,9752,12288,97,8,215.37,69,1965,9251,7939.29,8056,7946.75,3
114.1147,nf4,9752,12288,97,8,215.37,69,1965,9251,7939.24,8056,7946.75,3
114.2835,nf4,9752,12288,98,8,215.31,69,1965,9251,7939.24,8056,7946.75,3
114.4526,nf4,9752,12288,98,8,215.31,69,1965,9251,7939.24,8056,7946.75,3
114.6230,nf4,9752,12288,98,8,215.31,69,1965,9251,7939.24,8056,7946.75,3
114.7942,nf4,9752,12288,98,8,215.45,69,1965,9251,7939.24,8056,7946.75,3
114.9643,nf4,9752,12288,98,8,215.45,69,1965,9251,7939.24,8056,7946.75,3
115.1352,nf4,9752,12288,98,8,215.45,69,1965,9251,7939.29,8056,7946.75,3
115.3027,nf4,9752,12288,97,8,215.26,69,1965,9251,7939.24,8056,7946.75,3
115.4715,nf4,9752,12288,97,8,215.26,69,1965,9251,7939.24,8056,7946.75,3
115.6418,nf4,9752,12288,97,8,215.26,69,1965,9251,7939.24,8056,7946.75,3
115.8103,nf4,9752,12288,97,8,215.26,69,1965,9251,7939.24,8056,7946.75,3
115.9777,nf4,9752,12288,97,8,215.26,69,1965,9251,7939.24,8056,7946.75,3
116.1486,nf4,9752,12288,96,8,215.39,69,1965,9251,7939.24,8056,7946.75,3
116.3178,nf4,9752,12288,96,8,215.39,69,1965,9251,7939.24,8056,7946.75,3
116.4869,nf4,9752,12288,96,8,215.39,69,1965,9251,7939.27,8056,7946.75,3
116.6581,nf4,9752,12288,96,8,215.22,69,1965,9251,7939.24,8056,7946.75,3
116.8269,nf4,9752,12288,96,8,215.22,69,1965,9251,7939.24,8056,7946.75,3
117.0115,nf4,9752,12288,96,8,215.22,69,1965,9251,7939.24,8056,7946.75,3
117.1820,nf4,9752,12288,98,8,215.06,69,1965,9251,7939.24,8056,7946.75,3
117.3504,nf4,9752,12288,98,8,215.06,69,1965,9251,7939.24,8056,7946.75,3
117.5207,nf4,9752,12288,98,8,215.06,69,1965,9251,7939.24,8056,7946.75,3
117.6894,nf4,9752,12288,98,8,215.23,69,1965,9251,7939.29,8056,7946.75,3
117.8564,nf4,9752,12288,98,8,215.23,69,1965,9251,7939.3,8056,7946.75,3
118.0242,nf4,9752,12288,98,8,215.23,69,1965,9251,7939.24,8056,7946.75,3
118.1934,nf4,9752,12288,97,8,215.19,69,1965,9251,7939.24,8056,7946.75,3
118.3645,nf4,9752,12288,97,8,215.19,69,1965,9251,7939.24,8056,7946.75,3
118.5335,nf4,9752,12288,97,8,215.19,69,1965,9251,7939.24,8056,7946.75,3
118.7045,nf4,9752,12288,97,8,215.15,69,1965,9251,7939.24,8056,7946.75,3
118.8745,nf4,9752,12288,97,8,215.15,69,1965,9251,7939.24,8056,7946.75,3
119.0449,nf4,9752,12288,97,8,215.15,69,1965,9251,7939.27,8056,7946.75,3
119.2151,nf4,9752,12288,97,8,215.3,69,1965,9251,7939.24,8056,7946.75,3
119.3857,nf4,9752,12288,97,8,215.3,69,1965,9251,7939.24,8056,7946.75,3
119.5600,nf4,9752,12288,97,8,215.3,69,1965,9251,7939.24,8056,7946.75,3
119.7303,nf4,9752,12288,97,8,215.23,69,1965,9251,7939.24,8056,7946.75,3
119.9005,nf4,9752,12288,97,8,215.23,69,1965,9251,7939.24,8056,7946.75,3
120.0724,nf4,9752,12288,97,8,215.23,69,1965,9251,7939.24,8056,7946.75,3
120.2441,nf4,9752,12288,98,8,215.22,69,1965,9251,7939.29,8056,7946.75,3
120.4131,nf4,9752,12288,98,8,215.22,69,1965,9251,7939.27,8056,7946.75,3
120.5824,nf4,9752,12288,98,8,215.22,69,1965,9251,7939.24,8056,7946.75,3
120.7560,nf4,9752,12288,98,8,215.4,69,1965,9251,7939.24,8056,7946.75,3
120.9261,nf4,9752,12288,98,8,215.4,69,1965,9251,7939.24,8056,7946.75,3
121.0983,nf4,9752,12288,98,8,215.4,69,1965,9251,7939.24,8056,7946.75,3
121.2693,nf4,9752,12288,97,8,215.29,69,1965,9251,7939.24,8056,7946.75,3
121.4389,nf4,9752,12288,97,8,215.29,69,1965,9251,7939.26,8056,7946.75,3
121.6076,nf4,9752,12288,97,8,215.29,69,1965,9251,7939.26,8056,7946.75,3
121.7794,nf4,9757,12288,97,8,215.31,69,1965,9251,7939.24,8056,7946.75,3
121.9638,nf4,9757,12288,97,8,215.31,69,1965,9251,7939.24,8056,7946.75,3
122.1338,nf4,9757,12288,97,8,215.31,69,1965,9251,7939.24,8056,7946.75,3
122.3049,nf4,9757,12288,97,8,215.46,69,1965,9251,7939.24,8056,7946.75,3
122.4734,nf4,9757,12288,97,8,215.46,69,1965,9251,7939.24,8056,7946.75,3
122.6441,nf4,9757,12288,97,8,215.36,69,1965,9251,7939.27,8056,7946.75,3
122.8136,nf4,9757,12288,97,8,215.36,69,1965,9251,7939.31,8056,7946.75,3
122.9844,nf4,9757,12288,97,8,215.36,69,1965,9251,7939.24,8056,7946.75,3
123.1532,nf4,9757,12288,98,8,215.3,69,1965,9251,7939.24,8056,7946.75,3
123.3211,nf4,9757,12288,98,8,215.3,69,1965,9251,7939.24,8056,7946.75,3
123.4920,nf4,9757,12288,98,8,215.3,69,1965,9251,7939.24,8056,7946.75,3
123.6618,nf4,9757,12288,98,8,215.46,69,1965,9251,7939.24,8056,7946.75,3
123.8322,nf4,9757,12288,98,8,215.46,69,1965,9251,7939.24,8056,7946.75,3
124.0026,nf4,9757,12288,98,8,215.46,69,1965,9251,7939.27,8056,7946.75,3
124.1726,nf4,9757,12288,97,8,215.43,69,1965,9251,7939.27,8056,7946.75,3
124.3411,nf4,9757,12288,97,8,215.43,69,1965,9251,7939.24,8056,7946.75,3
124.5268,nf4,9757,12288,97,8,215.43,69,1965,9251,7939.24,8056,7946.75,3
124.6954,nf4,9752,12288,97,8,215.45,69,1965,9251,7939.24,8056,7946.75,3
124.8671,nf4,9752,12288,97,8,215.45,69,1965,9251,7939.24,8056,7946.75,3
125.0365,nf4,9752,12288,97,8,215.45,69,1965,9251,7939.24,8056,7946.75,3
125.2045,nf4,9752,12288,98,8,215.43,69,1965,9251,7939.27,8056,7946.75,3
125.3754,nf4,9752,12288,98,8,215.43,69,1965,9251,7939.24,8056,7946.75,3
125.5439,nf4,9752,12288,98,8,215.43,69,1965,9251,7939.24,8056,7946.75,3
125.7149,nf4,9752,12288,98,8,215.51,69,1965,9251,7939.24,8056,7946.75,3
125.8855,nf4,9752,12288,98,8,215.51,69,1965,9251,7939.24,8056,7946.75,3
126.0557,nf4,9752,12288,98,8,215.51,69,1965,9251,7939.24,8056,7946.75,3
126.2245,nf4,9752,12288,97,8,215.54,69,1965,9251,7939.24,8056,7946.75,3
126.3934,nf4,9752,12288,97,8,215.54,69,1965,9251,7939.24,8056,7946.75,3
126.5622,nf4,9752,12288,97,8,215.54,69,1965,9251,7939.27,8056,7946.75,3
126.7321,nf4,9752,12288,97,8,215.52,69,1965,9251,7939.24,8056,7946.75,3
126.9029,nf4,9752,12288,97,8,215.52,69,1965,9251,7939.24,8056,7946.75,3
127.0715,nf4,9752,12288,97,8,215.52,69,1965,9251,7939.24,8056,7946.75,3
127.2418,nf4,9752,12288,97,8,215.67,69,1965,9251,7939.24,8056,7946.75,3
127.4122,nf4,9752,12288,97,8,215.67,69,1965,9251,7939.24,8056,7946.75,3
127.5814,nf4,9752,12288,97,8,215.67,69,1965,9251,7939.24,8056,7946.75,3
127.7493,nf4,9752,12288,97,8,215.53,69,1965,9251,7939.24,8056,7946.75,3
127.9209,nf4,9752,12288,97,8,215.53,69,1965,9251,7939.27,8056,7946.75,3
128.0900,nf4,9752,12288,97,8,215.53,69,1965,9251,7939.24,8056,7946.75,3
128.2613,nf4,9752,12288,98,8,215.48,69,1965,9251,7939.24,8056,7946.75,3
128.4333,nf4,9752,12288,98,8,215.48,69,1965,9251,7939.24,8056,7946.75,3
128.6061,nf4,9752,12288,98,8,215.48,69,1965,9251,7939.24,8056,7946.75,3
128.7779,nf4,9752,12288,98,8,215.61,69,1965,9251,7939.24,8056,7946.75,3
128.9499,nf4,9752,12288,98,8,215.61,69,1965,9251,7939.24,8056,7946.75,3
129.1201,nf4,9752,12288,98,8,215.61,69,1965,9251,7939.28,8056,7946.75,3
129.2919,nf4,9752,12288,97,8,215.49,69,1965,9251,7939.24,8056,7946.75,3
129.4595,nf4,9752,12288,97,8,215.49,69,1965,9251,7939.24,8056,7946.75,3
129.6315,nf4,9752,12288,97,8,215.49,69,1965,9251,7939.24,8056,7946.75,3
129.8024,nf4,9752,12288,97,8,215.41,69,1965,9251,7939.9,8056,7946.75,4
129.9725,nf4,9752,12288,97,8,215.41,69,1965,9251,7940.61,8056,7946.75,4
130.1440,nf4,9752,12288,97,6,219.23,69,1965,9251,7939.9,8056,7946.75,4
130.3160,nf4,9752,12288,97,6,219.23,69,1965,9251,7939.9,8056,7946.75,4
130.4846,nf4,9752,12288,97,6,219.23,69,1965,9251,7940.67,8056,7946.75,4
130.6546,nf4,9752,12288,97,6,224.85,70,1965,9251,7939.73,8056,7946.75,4
130.8262,nf4,9752,12288,97,6,224.85,70,1965,9251,7939.24,8056,7946.75,4
130.9960,nf4,9752,12288,97,6,224.85,70,1965,9251,7939.29,8056,7946.75,4
131.1682,nf4,9752,12288,97,8,227.71,69,1965,9251,7939.24,8056,7946.75,4
131.3402,nf4,9752,12288,97,8,227.71,69,1965,9251,7939.24,8056,7946.75,4
131.5107,nf4,9752,12288,97,8,227.71,69,1965,9251,7939.24,8056,7946.75,4
131.6814,nf4,9752,12288,97,8,222.04,69,1965,9251,7939.24,8056,7946.75,4
131.8523,nf4,9752,12288,97,8,222.04,69,1965,9251,7939.24,8056,7946.75,4
132.0238,nf4,9752,12288,97,8,222.04,69,1965,9251,7939.27,8056,7946.75,4
132.1949,nf4,9752,12288,97,8,216.14,69,1965,9251,7939.24,8056,7946.75,4
132.3644,nf4,9752,12288,97,8,216.14,69,1965,9251,7939.24,8056,7946.75,4
132.5358,nf4,9752,12288,97,8,216.14,69,1965,9251,7939.24,8056,7946.75,4
132.7069,nf4,9752,12288,97,8,215.71,69,1965,9251,7939.24,8056,7946.75,4
132.8777,nf4,9752,12288,97,8,215.71,69,1965,9251,7939.24,8056,7946.75,4
133.0497,nf4,9752,12288,97,8,215.71,69,1965,9251,7939.24,8056,7946.75,4
133.2207,nf4,9752,12288,98,8,215.75,69,1965,9251,7939.27,8056,7946.75,4
133.3904,nf4,9752,12288,98,8,215.75,69,1965,9251,7939.28,8056,7946.75,4
133.5611,nf4,9752,12288,98,8,215.75,69,1965,9251,7939.24,8056,7946.75,4
133.7304,nf4,9752,12288,98,8,215.8,69,1965,9251,7939.24,8056,7946.75,4
133.8990,nf4,9752,12288,98,8,215.8,69,1965,9251,7939.24,8056,7946.75,4
134.0684,nf4,9752,12288,98,8,215.8,69,1965,9251,7939.24,8056,7946.75,4
134.2384,nf4,9752,12288,97,8,215.73,69,1965,9251,7939.24,8056,7946.75,4
134.4097,nf4,9752,12288,97,8,215.73,69,1965,9251,7939.31,8056,7946.75,4
134.5807,nf4,9752,12288,97,8,215.73,69,1965,9251,7939.29,8056,7946.75,4
134.7508,nf4,9752,12288,97,8,215.74,69,1965,9251,7939.24,8056,7946.75,4
134.9212,nf4,9752,12288,97,8,215.74,69,1965,9251,7939.24,8056,7946.75,4
135.0924,nf4,9752,12288,97,8,215.74,69,1965,9251,7939.24,8056,7946.75,4
135.2617,nf4,9752,12288,97,8,215.77,69,1965,9251,7939.24,8056,7946.75,4
135.4328,nf4,9752,12288,97,8,215.77,69,1965,9251,7939.24,8056,7946.75,4
135.6023,nf4,9752,12288,97,8,215.77,69,1965,9251,7939.24,8056,7946.75,4
135.7718,nf4,9752,12288,97,8,215.43,69,1965,9251,7939.29,8056,7946.75,4
135.9459,nf4,9752,12288,97,8,215.43,69,1965,9251,7939.24,8056,7946.75,4
136.1161,nf4,9752,12288,97,8,215.43,69,1965,9251,7939.24,8056,7946.75,4
136.2877,nf4,9752,12288,98,8,215.48,69,1965,9251,7939.24,8056,7946.75,4
136.4581,nf4,9752,12288,98,8,215.48,69,1965,9251,7939.24,8056,7946.75,4
136.6274,nf4,9752,12288,98,8,215.48,69,1965,9251,7939.24,8056,7946.75,4
136.7972,nf4,9752,12288,98,8,215.71,69,1965,9251,7939.24,8056,7946.75,4
136.9664,nf4,9752,12288,98,8,215.71,69,1965,9251,7939.27,8056,7946.75,4
137.1362,nf4,9752,12288,98,8,215.71,69,1965,9251,7939.27,8056,7946.75,4
137.3102,nf4,9752,12288,96,8,215.65,69,1965,9251,7939.24,8056,7946.75,4
137.4828,nf4,9752,12288,96,8,215.65,69,1965,9251,7939.24,8056,7946.75,4
137.6537,nf4,9752,12288,96,8,215.76,69,1965,9251,7939.24,8056,7946.75,4
137.8241,nf4,9752,12288,96,8,215.76,69,1965,9251,7939.24,8056,7946.75,4
137.9936,nf4,9752,12288,96,8,215.76,69,1965,9251,7939.24,8056,7946.75,4
138.1641,nf4,9752,12288,97,8,215.89,69,1965,9251,7939.26,8056,7946.75,4
138.3350,nf4,9752,12288,97,8,215.89,69,1965,9251,7939.31,8056,7946.75,4
138.5044,nf4,9752,12288,97,8,215.89,69,1965,9251,7939.24,8056,7946.75,4
138.6743,nf4,9752,12288,97,8,215.69,69,1965,9251,7939.24,8056,7946.75,4
138.8434,nf4,9752,12288,97,8,215.69,69,1965,9251,7939.24,8056,7946.75,4
139.0155,nf4,9752,12288,97,8,215.69,69,1965,9251,7939.24,8056,7946.75,4
139.1862,nf4,9752,12288,98,8,215.69,69,1965,9251,7939.24,8056,7946.75,4
139.3558,nf4,9752,12288,98,8,215.69,69,1965,9251,7939.24,8056,7946.75,4
139.5263,nf4,9757,12288,98,8,215.69,69,1965,9251,7939.26,8056,7946.75,4
139.6957,nf4,9757,12288,98,8,215.75,69,1965,9251,7939.24,8056,7946.75,4
139.8676,nf4,9757,12288,98,8,215.75,69,1965,9251,7939.24,8056,7946.75,4
140.0374,nf4,9757,12288,98,8,215.75,69,1965,9251,7939.24,8056,7946.75,4
140.2088,nf4,9757,12288,97,8,215.65,69,1965,9251,7939.24,8056,7946.75,4
140.3806,nf4,9757,12288,97,8,215.65,69,1965,9251,7939.24,8056,7946.75,4
140.5515,nf4,9756,12288,97,8,215.65,69,1965,9251,7939.24,8056,7946.75,4
140.7218,nf4,9756,12288,97,8,215.74,69,1965,9251,7939.29,8056,7946.75,4
140.8922,nf4,9787,12288,97,8,215.74,69,1965,9251,7939.27,8056,7946.75,4
141.0633,nf4,9783,12288,97,8,215.74,69,1965,9251,7939.24,8056,7946.75,4
141.2347,nf4,9783,12288,96,8,215.82,69,1965,9251,7939.24,8056,7946.75,4
141.4051,nf4,9846,12288,96,8,215.82,69,1965,9251,7939.24,8056,7946.75,4
141.5778,nf4,9846,12288,96,8,215.82,69,1965,9251,7939.24,8056,7946.75,4
141.7482,nf4,9846,12288,96,8,215.48,69,1965,9251,7939.24,8056,7946.75,4
141.9190,nf4,9846,12288,96,8,215.48,69,1965,9251,7939.24,8056,7946.75,4
142.0907,nf4,9846,12288,96,8,215.48,69,1965,9251,7939.24,8056,7946.75,4
142.2603,nf4,9842,12288,97,11,216.62,69,1965,9251,7939.24,8056,7946.75,4
142.4310,nf4,9838,12288,97,11,216.62,69,1965,9251,7939.24,8056,7946.75,4
142.6016,nf4,9838,12288,97,11,216.62,69,1965,9251,7939.27,8056,7946.75,4
142.7700,nf4,9781,12288,97,11,217.3,69,1965,9251,7939.31,8056,7946.75,4
142.9397,nf4,9777,12288,97,11,217.3,69,1965,9251,7939.24,8056,7946.75,4
143.1100,nf4,9777,12288,97,11,217.3,69,1965,9251,7939.24,8056,7946.75,4
143.2780,nf4,9777,12288,98,8,216.25,69,1965,9251,7939.24,8056,7946.75,4
143.4464,nf4,9777,12288,98,8,216.25,69,1965,9251,7939.24,8056,7946.75,4
143.6182,nf4,9777,12288,98,8,216.25,69,1965,9251,7939.24,8056,7946.75,4
143.7866,nf4,9777,12288,98,8,215.85,69,1965,9251,7939.24,8056,7946.75,4
143.9554,nf4,9777,12288,98,8,215.85,69,1965,9251,7939.29,8056,7946.75,4
144.1255,nf4,9777,12288,98,8,215.85,69,1965,9251,7939.27,8056,7946.75,4
144.2961,nf4,9772,12288,97,8,215.74,69,1965,9251,7939.24,8056,7946.75,4
144.4665,nf4,9770,12288,97,8,215.74,69,1965,9251,7939.24,8056,7946.75,4
144.6397,nf4,9768,12288,97,8,215.75,69,1965,9251,7939.24,8056,7946.75,4
144.8085,nf4,9753,12288,97,8,215.75,69,1965,9251,7939.24,8056,7946.75,4
144.9809,nf4,9753,12288,97,8,215.75,69,1965,9251,7939.24,8056,7946.75,4
145.1516,nf4,9753,12288,97,8,215.81,69,1965,9251,7939.31,8056,7946.75,4
145.3224,nf4,9753,12288,97,8,215.81,69,1965,9251,7939.27,8056,7946.75,4
145.4911,nf4,9753,12288,97,8,215.81,69,1965,9251,7939.24,8056,7946.75,4
145.6609,nf4,9753,12288,97,8,215.55,69,1965,9251,7939.24,8056,7946.75,4
145.8301,nf4,9753,12288,97,8,215.55,69,1965,9251,7939.24,8056,7946.75,4
145.9980,nf4,9753,12288,97,8,215.55,69,1965,9251,7939.24,8056,7946.75,4
146.1645,nf4,9749,12288,98,8,215.52,69,1965,9251,7939.24,8056,7946.75,4
146.3336,nf4,9745,12288,98,8,215.52,69,1965,9251,7939.24,8056,7946.75,4
146.5026,nf4,9745,12288,98,8,215.52,69,1965,9251,7939.29,8056,7946.75,4
146.6731,nf4,9745,12288,98,8,215.69,69,1965,9251,7939.27,8056,7946.75,4
146.8421,nf4,9745,12288,98,8,215.69,69,1965,9251,7939.24,8056,7946.75,4
147.0118,nf4,9745,12288,98,8,215.69,69,1965,9251,7939.24,8056,7946.75,4
147.1804,nf4,9745,12288,97,8,215.56,69,1965,9251,7939.24,8056,7946.75,4
147.3495,nf4,9745,12288,97,8,215.56,69,1965,9251,7939.24,8056,7946.75,4
147.5203,nf4,9745,12288,97,8,215.56,69,1965,9251,7939.24,8056,7946.75,4
147.6902,nf4,9745,12288,97,8,215.58,69,1965,9251,7939.24,8056,7946.75,4
147.8601,nf4,9745,12288,97,8,215.58,69,1965,9251,7939.27,8056,7946.75,4
148.0297,nf4,9745,12288,97,8,215.58,69,1965,9251,7939.29,8056,7946.75,4
148.2002,nf4,9745,12288,97,8,215.73,69,1965,9251,7939.24,8056,7946.75,4
148.3706,nf4,9745,12288,97,8,215.73,69,1965,9251,7939.24,8056,7946.75,4
148.5433,nf4,9745,12288,97,8,215.73,69,1965,9251,7939.24,8056,7946.75,4
148.7130,nf4,9745,12288,97,8,215.54,69,1965,9251,7939.24,8056,7946.75,4
148.8811,nf4,9745,12288,97,8,215.54,69,1965,9251,7939.24,8056,7946.75,4
149.0513,nf4,9745,12288,97,8,215.54,69,1965,9251,7939.31,8056,7946.75,4
149.2222,nf4,9745,12288,98,8,215.52,69,1965,9251,7939.28,8056,7946.75,4
149.3936,nf4,9745,12288,98,8,215.52,69,1965,9251,7939.24,8056,7946.75,4
149.5659,nf4,9745,12288,98,8,215.52,69,1965,9251,7939.24,8056,7946.75,4
149.7374,nf4,9745,12288,98,8,215.68,69,1965,9251,7939.24,8056,7946.75,4
149.9082,nf4,9745,12288,98,8,215.68,69,1965,9251,7939.24,8056,7946.75,4
150.0811,nf4,9745,12288,98,8,215.68,69,1965,9251,7939.24,8056,7946.75,4
150.2520,nf4,9745,12288,97,8,215.6,69,1965,9251,7939.29,8056,7946.75,4
150.4222,nf4,9745,12288,97,8,215.6,69,1965,9251,7939.27,8056,7946.75,4
150.5931,nf4,9745,12288,97,8,215.6,69,1965,9251,7939.24,8056,7946.75,4
150.7619,nf4,9745,12288,97,8,215.53,69,1965,9251,7939.24,8056,7946.75,4
150.9299,nf4,9745,12288,97,8,215.53,69,1965,9251,7939.24,8056,7946.75,4
151.0982,nf4,9745,12288,97,8,215.53,69,1965,9251,7939.24,8056,7946.75,4
151.2653,nf4,9745,12288,97,8,215.52,69,1965,9251,7939.24,8056,7946.75,4
151.4357,nf4,9745,12288,97,8,215.52,69,1965,9251,7939.24,8056,7946.75,4
151.6062,nf4,9745,12288,97,8,215.52,69,1965,9251,7939.27,8056,7946.75,4
151.7762,nf4,9745,12288,97,8,215.67,69,1965,9251,7939.26,8056,7946.75,4
151.9443,nf4,9745,12288,97,8,215.67,69,1965,9251,7939.24,8056,7946.75,4
152.1155,nf4,9745,12288,97,8,215.67,69,1965,9251,7939.24,8056,7946.75,4
152.2855,nf4,9745,12288,98,8,215.59,69,1965,9251,7939.24,8056,7946.75,4
152.4559,nf4,9745,12288,98,8,215.59,69,1965,9251,7939.24,8056,7946.75,4
152.6229,nf4,9745,12288,98,8,215.59,69,1965,9251,7939.24,8056,7946.75,4
152.7904,nf4,9745,12288,98,8,215.58,69,1965,9251,7939.24,8056,7946.75,4
152.9586,nf4,9745,12288,98,8,215.58,69,1965,9251,7939.29,8056,7946.75,4
153.1285,nf4,9745,12288,98,8,215.58,69,1965,9251,7939.29,8056,7946.75,4
153.2983,nf4,9745,12288,97,8,215.71,69,1965,9251,7939.24,8056,7946.75,4
153.4664,nf4,9745,12288,97,8,215.71,69,1965,9251,7939.24,8056,7946.75,4
153.6373,nf4,9745,12288,97,8,215.71,69,1965,9251,7939.24,8056,7946.75,4
153.8096,nf4,9745,12288,97,8,215.62,69,1965,9251,7939.24,8056,7946.75,4
153.9799,nf4,9745,12288,97,8,215.62,69,1965,9251,7939.24,8056,7946.75,4
154.1519,nf4,9745,12288,97,8,215.71,69,1965,9251,7939.24,8056,7946.75,4
154.3229,nf4,9745,12288,97,8,215.71,69,1965,9251,7939.3,8056,7946.75,4
154.4924,nf4,9745,12288,97,8,215.71,69,1965,9251,7939.24,8056,7946.75,4
154.6647,nf4,9745,12288,97,8,215.85,69,1965,9251,7939.24,8056,7946.75,4
154.8353,nf4,9745,12288,97,8,215.85,69,1965,9251,7939.24,8056,7946.75,4
155.0044,nf4,9745,12288,97,8,215.85,69,1965,9251,7939.24,8056,7946.75,4
155.1736,nf4,9745,12288,98,8,215.71,69,1965,9251,7939.24,8056,7946.75,4
155.3440,nf4,9745,12288,98,8,215.71,69,1965,9251,7939.24,8056,7946.75,4
155.5142,nf4,9745,12288,98,8,215.71,69,1965,9251,7939.26,8056,7946.75,4
155.6860,nf4,9745,12288,98,8,215.73,69,1965,9251,7939.24,8056,7946.75,4
155.8564,nf4,9745,12288,98,8,215.73,69,1965,9251,7939.24,8056,7946.75,4
156.0267,nf4,9745,12288,98,8,215.73,69,1965,9251,7939.24,8056,7946.75,4
156.1956,nf4,9745,12288,97,8,215.89,69,1965,9251,7939.24,8056,7946.75,4
156.3661,nf4,9745,12288,97,8,215.89,69,1965,9251,7939.24,8056,7946.75,4
156.5358,nf4,9745,12288,97,8,215.89,69,1965,9251,7939.24,8056,7946.75,4
156.7061,nf4,9745,12288,97,8,215.74,69,1965,9251,7939.28,8056,7946.75,4
156.8770,nf4,9745,12288,97,8,215.74,69,1965,9251,7939.27,8056,7946.75,4
157.0466,nf4,9745,12288,97,8,215.74,69,1965,9251,7939.24,8056,7946.75,4
157.2159,nf4,9745,12288,97,8,215.82,69,1965,9251,7939.24,8056,7946.75,4
157.3879,nf4,9745,12288,97,8,215.82,69,1965,9251,7939.24,8056,7946.75,4
157.5572,nf4,9745,12288,97,8,215.82,69,1965,9251,7939.24,8056,7946.75,4
157.7271,nf4,9745,12288,97,8,216.06,69,1965,9251,7939.24,8056,7946.75,4
157.8940,nf4,9745,12288,97,8,216.06,69,1965,9251,7939.24,8056,7946.75,4
158.0624,nf4,9745,12288,97,8,216.06,69,1965,9251,7939.27,8056,7946.75,4
158.2340,nf4,9745,12288,98,8,215.88,69,1965,9251,7939.27,8056,7946.75,4
158.4055,nf4,9745,12288,98,8,215.88,69,1965,9251,7939.24,8056,7946.75,4
158.5757,nf4,9745,12288,98,8,215.88,69,1965,9251,7939.24,8056,7946.75,4
158.7472,nf4,9745,12288,98,8,215.69,69,1965,9251,7939.24,8056,7946.75,4
158.9186,nf4,9745,12288,98,8,215.69,69,1965,9251,7939.24,8056,7946.75,4
159.0864,nf4,9745,12288,98,8,215.69,69,1965,9251,7939.24,8056,7946.75,4
159.2562,nf4,9745,12288,97,8,215.75,69,1965,9251,7939.24,8056,7946.75,4
159.4279,nf4,9745,12288,97,8,215.75,69,1965,9251,7939.27,8056,7946.75,4
159.6016,nf4,9745,12288,97,8,215.75,69,1965,9251,7939.24,8056,7946.75,4
159.7694,nf4,9745,12288,97,8,215.55,69,1965,9251,7939.24,8056,7946.75,4
159.9400,nf4,9745,12288,97,8,215.55,69,1965,9251,7939.24,8056,7946.75,4
160.1117,nf4,9745,12288,97,8,215.55,69,1965,9251,7939.24,8056,7946.75,4
160.2822,nf4,9745,12288,97,8,215.5,69,1965,9251,7939.24,8056,7946.75,4
160.4528,nf4,9745,12288,97,8,215.5,69,1965,9251,7939.24,8056,7946.75,4
160.6251,nf4,9745,12288,97,8,215.5,69,1965,9251,7939.25,8056,7946.75,4
160.7986,nf4,9745,12288,97,8,215.68,69,1965,9251,7939.24,8056,7946.75,4
160.9710,nf4,9745,12288,97,8,215.68,69,1965,9251,7939.24,8056,7946.75,4
161.1405,nf4,9745,12288,97,8,215.44,69,1965,9251,7939.24,8056,7946.75,4
161.3108,nf4,9745,12288,98,8,215.44,69,1965,9251,7939.24,8056,7946.75,4
161.4839,nf4,9745,12288,98,8,215.44,69,1965,9251,7939.24,8056,7946.75,4
161.6554,nf4,9745,12288,98,8,215.34,69,1965,9251,7939.24,8056,7946.75,4
161.8240,nf4,9745,12288,98,8,215.34,69,1965,9251,7939.29,8056,7946.75,4
161.9963,nf4,9745,12288,98,8,215.34,69,1965,9251,7939.28,8056,7946.75,4
162.1657,nf4,9745,12288,97,8,215.53,69,1965,9251,7939.24,8056,7946.75,4
162.3345,nf4,9745,12288,97,8,215.53,69,1965,9251,7939.24,8056,7946.75,4
162.5039,nf4,9745,12288,97,8,215.53,69,1965,9251,7939.24,8056,7946.75,4
162.6750,nf4,9745,12288,97,8,215.57,69,1965,9251,7939.24,8056,7946.75,4
162.8459,nf4,9745,12288,97,8,215.57,69,1965,9251,7939.24,8056,7946.75,4
163.0159,nf4,9745,12288,97,8,215.57,69,1965,9251,7939.24,8056,7946.75,4
163.1861,nf4,9745,12288,97,8,215.54,69,1965,9251,7939.27,8056,7946.75,4
163.3582,nf4,9745,12288,97,8,215.54,69,1965,9251,7939.24,8056,7946.75,4
163.5294,nf4,9745,12288,97,8,215.54,69,1965,9251,7939.24,8056,7946.75,4
163.7000,nf4,9745,12288,97,8,215.49,69,1965,9251,7939.24,8056,7946.75,4
163.8708,nf4,9745,12288,97,8,215.49,69,1965,9251,7939.24,8056,7946.75,4
164.0417,nf4,9745,12288,97,8,215.49,69,1965,9251,7939.24,8056,7946.75,4
164.2105,nf4,9745,12288,98,8,215.43,69,1965,9251,7939.24,8056,7946.75,4
164.3804,nf4,9745,12288,98,8,215.43,69,1965,9251,7939.27,8056,7946.75,4
164.5517,nf4,9745,12288,98,8,215.43,69,1965,9251,7939.31,8056,7946.75,4
164.7215,nf4,9745,12288,98,8,215.56,69,1965,9251,7939.24,8056,7946.75,4
164.8915,nf4,9745,12288,98,8,215.56,69,1965,9251,7939.24,8056,7946.75,4
165.0623,nf4,9745,12288,98,8,215.56,69,1965,9251,7939.24,8056,7946.75,4
165.2316,nf4,9745,12288,97,8,215.71,69,1965,9251,7939.24,8056,7946.75,4
165.4020,nf4,9745,12288,97,8,215.71,69,1965,9251,7939.24,8056,7946.75,4
165.5723,nf4,9745,12288,97,8,215.71,69,1965,9251,7939.24,8056,7946.75,4
165.7426,nf4,9745,12288,97,8,215.61,69,1965,9251,7939.27,8056,7946.75,4
165.9124,nf4,9745,12288,97,8,215.61,69,1965,9251,7939.24,8056,7946.75,4
166.0808,nf4,9745,12288,97,8,215.61,69,1965,9251,7939.24,8056,7946.75,4
166.2509,nf4,9745,12288,98,8,215.5,69,1965,9251,7939.24,8056,7946.75,4
166.4205,nf4,9745,12288,98,8,215.5,69,1965,9251,7939.24,8056,7946.75,4
166.5890,nf4,9745,12288,98,8,215.5,69,1965,9251,7939.24,8056,7946.75,4
166.7562,nf4,9745,12288,98,8,215.56,69,1965,9251,7939.24,8056,7946.75,4
166.9273,nf4,9745,12288,98,8,215.56,69,1965,9251,7939.24,8056,7946.75,4
167.0985,nf4,9745,12288,98,8,215.56,69,1965,9251,7939.27,8056,7946.75,4
167.2678,nf4,9745,12288,97,8,215.6,69,1965,9251,7939.24,8056,7946.75,4
167.4385,nf4,9745,12288,97,8,215.6,69,1965,9251,7939.24,8056,7946.75,4
167.6070,nf4,9745,12288,97,8,215.6,69,1965,9251,7939.24,8056,7946.75,4
167.7778,nf4,9745,12288,97,8,215.55,69,1965,9251,7939.24,8056,7946.75,4
167.9490,nf4,9745,12288,97,8,215.55,69,1965,9251,7939.24,8056,7946.75,4
168.1182,nf4,9745,12288,97,8,215.55,69,1965,9251,7939.24,8056,7946.75,4
168.2891,nf4,9745,12288,98,8,215.53,69,1965,9251,7939.31,8056,7946.75,4
168.4569,nf4,9745,12288,98,8,215.53,69,1965,9251,7939.27,8056,7946.75,4
168.6286,nf4,9745,12288,98,8,215.53,69,1965,9251,7939.24,8056,7946.75,4
168.8000,nf4,9745,12288,98,8,215.54,69,1965,9251,7939.24,8056,7946.75,4
168.9694,nf4,9745,12288,98,8,215.54,69,1965,9251,7939.24,8056,7946.75,4
169.1381,nf4,9745,12288,98,8,215.54,69,1965,9251,7939.24,8056,7946.75,4
169.3056,nf4,9745,12288,97,8,215.6,69,1965,9251,7939.24,8056,7946.75,4
169.4739,nf4,9745,12288,97,8,215.6,69,1965,9251,7939.9,8056,7946.75,5
169.6429,nf4,9745,12288,97,8,219.23,69,1965,9251,7939.9,8056,7946.75,5
169.8135,nf4,9745,12288,97,8,219.23,69,1965,9251,7939.9,8056,7946.75,5
169.9851,nf4,9745,12288,97,8,219.23,69,1965,9251,7939.9,8056,7946.75,5
170.1547,nf4,9745,12288,97,6,225.2,70,1965,9251,7939.48,8056,7946.75,5
170.3245,nf4,9741,12288,97,6,225.2,70,1965,9251,7939.48,8056,7946.75,5
170.4944,nf4,9741,12288,97,6,225.2,70,1965,9251,7939.24,8056,7946.75,5
170.6643,nf4,9746,12288,97,6,227.92,70,1965,9251,7939.24,8056,7946.75,5
170.8366,nf4,9746,12288,97,6,227.92,70,1965,9251,7939.24,8056,7946.75,5
171.0082,nf4,9746,12288,97,6,227.92,70,1965,9251,7939.24,8056,7946.75,5
171.1785,nf4,9746,12288,97,8,222.03,69,1965,9251,7939.24,8056,7946.75,5
171.3481,nf4,9746,12288,97,8,222.03,69,1965,9251,7939.24,8056,7946.75,5
171.5171,nf4,9746,12288,97,8,222.03,69,1965,9251,7939.29,8056,7946.75,5
171.6889,nf4,9741,12288,97,8,216.47,69,1965,9251,7939.24,8056,7946.75,5
171.8602,nf4,9741,12288,97,8,216.47,69,1965,9251,7939.24,8056,7946.75,5
172.0300,nf4,9737,12288,97,8,216.47,69,1965,9251,7939.24,8056,7946.75,5
172.2033,nf4,9737,12288,97,8,215.9,69,1965,9251,7939.24,8056,7946.75,5
172.3717,nf4,9722,12288,97,8,215.9,69,1965,9251,7939.24,8056,7946.75,5
172.5409,nf4,9722,12288,97,8,215.9,69,1965,9251,7939.24,8056,7946.75,5
172.7089,nf4,9722,12288,97,8,215.74,69,1965,9251,7939.29,8056,7946.75,5
172.8805,nf4,9722,12288,97,8,215.74,69,1965,9251,7939.28,8056,7946.75,5
173.0517,nf4,9722,12288,97,8,215.74,69,1965,9251,7939.24,8056,7946.75,5
173.2217,nf4,9722,12288,98,8,215.94,69,1965,9251,7939.24,8056,7946.75,5
173.3927,nf4,9722,12288,98,8,215.94,69,1965,9251,7939.24,8056,7946.75,5
173.5637,nf4,9722,12288,98,8,215.94,69,1965,9251,7939.24,8056,7946.75,5
173.7304,nf4,9722,12288,98,8,216.15,69,1965,9251,7939.24,8056,7946.75,5
173.9004,nf4,9722,12288,98,8,216.15,69,1965,9251,7939.24,8056,7946.75,5
174.0724,nf4,9722,12288,98,8,216.15,69,1965,9251,7939.27,8056,7946.75,5
174.2433,nf4,9722,12288,97,8,216,69,1965,9251,7939.24,8056,7946.75,5
174.4124,nf4,9722,12288,97,8,216,69,1965,9251,7939.24,8056,7946.75,5
174.5813,nf4,9722,12288,97,8,216,69,1965,9251,7939.24,8056,7946.75,5
174.7527,nf4,9722,12288,97,8,216.03,69,1965,9251,7939.24,8056,7946.75,5
174.9240,nf4,9722,12288,97,8,216.03,69,1965,9251,7939.24,8056,7946.75,5
175.0918,nf4,9722,12288,97,8,216.03,69,1965,9251,7939.24,8056,7946.75,5
175.2635,nf4,9722,12288,97,8,216.1,69,1965,9251,7939.29,8056,7946.75,5
175.4335,nf4,9722,12288,97,8,216.1,69,1965,9251,7939.24,8056,7946.75,5
175.6040,nf4,9722,12288,97,8,216.1,69,1965,9251,7939.24,8056,7946.75,5
175.7730,nf4,9722,12288,97,8,215.73,69,1965,9251,7939.24,8056,7946.75,5
175.9466,nf4,9722,12288,97,8,215.73,69,1965,9251,7939.24,8056,7946.75,5
176.1163,nf4,9722,12288,97,8,215.73,69,1965,9251,7939.24,8056,7946.75,5
176.2863,nf4,9722,12288,98,8,215.76,69,1965,9251,7939.24,8056,7946.75,5
176.4563,nf4,9722,12288,98,8,215.76,69,1965,9251,7939.29,8056,7946.75,5
176.6276,nf4,9722,12288,98,8,215.76,69,1965,9251,7939.27,8056,7946.75,5
176.7961,nf4,9722,12288,98,8,215.87,69,1965,9251,7939.24,8056,7946.75,5
176.9643,nf4,9722,12288,98,8,215.87,69,1965,9251,7939.24,8056,7946.75,5
177.1327,nf4,9722,12288,98,8,215.87,69,1965,9251,7939.24,8056,7946.75,5
177.3061,nf4,9722,12288,97,8,215.38,69,1965,9251,7939.24,8056,7946.75,5
177.4745,nf4,9731,12288,97,8,215.38,69,1965,9251,7939.24,8056,7946.75,5
177.6436,nf4,9768,12288,97,8,214.6,69,1965,9251,7939.24,8056,7946.75,5
177.8141,nf4,9779,12288,97,8,214.6,69,1965,9251,7939.24,8056,7946.75,5
177.9840,nf4,9779,12288,97,8,214.6,69,1965,9251,7939.24,8056,7946.75,5
178.1548,nf4,9780,12288,96,10,213.56,69,1965,9251,7939.24,8056,7946.75,5
178.3228,nf4,9780,12288,96,10,213.56,69,1965,9251,7939.24,8056,7946.75,5
178.4938,nf4,9780,12288,96,10,213.56,69,1965,9251,7939.24,8056,7946.75,5
178.6633,nf4,9780,12288,96,10,213.26,69,1965,9251,7939.24,8056,7946.75,5
178.8487,nf4,9780,12288,96,10,213.26,69,1965,9251,7939.24,8056,7946.75,5
179.0178,nf4,9802,12288,96,10,213.26,69,1965,9251,7939.24,8056,7946.75,5
179.1879,nf4,9802,12288,97,9,213.65,69,1965,9251,7939.24,8056,7946.75,5
179.3584,nf4,9808,12288,97,9,213.65,69,1965,9251,7939.24,8056,7946.75,5
179.5288,nf4,9808,12288,97,9,213.65,69,1965,9251,7939.24,8056,7946.75,5
179.6996,nf4,9808,12288,97,9,214.34,69,1965,9251,7939.24,8056,7946.75,5
179.8687,nf4,9743,12288,97,9,214.34,69,1965,9251,7939.24,8056,7946.75,5
180.0383,nf4,9744,12288,97,9,214.34,69,1965,9251,7939.24,8056,7946.75,5
180.2065,nf4,9743,12288,97,10,214.57,69,1965,9251,7939.24,8056,7946.75,5
180.3757,nf4,9742,12288,97,10,214.57,69,1965,9251,7939.24,8056,7946.75,5
180.5455,nf4,9737,12288,97,10,214.57,69,1965,9251,7939.24,8056,7946.75,5
180.7170,nf4,9737,12288,97,10,213.45,69,1965,9251,7939.24,8056,7946.75,5
180.8868,nf4,9737,12288,97,10,213.45,69,1965,9251,7939.24,8056,7946.75,5
181.0560,nf4,9737,12288,97,10,213.45,69,1965,9251,7939.24,8056,7946.75,5
181.2262,nf4,9737,12288,97,8,213.52,69,1965,9251,7939.24,8056,7946.75,5
181.3982,nf4,9719,12288,97,8,213.52,69,1965,9251,7939.24,8056,7946.75,5
181.5677,nf4,9719,12288,97,8,213.52,69,1965,9251,7939.24,8056,7946.75,5
181.7369,nf4,9719,12288,97,8,214.11,69,1965,9251,7939.31,8056,7946.75,5
181.9052,nf4,9719,12288,97,8,214.11,69,1965,9251,7939.24,8056,7946.75,5
182.0926,nf4,9719,12288,97,8,214.11,69,1965,9251,7939.24,8056,7946.75,5
182.2617,nf4,9719,12288,97,8,214.79,69,1965,9251,7939.24,8056,7946.75,5
182.4317,nf4,9713,12288,97,8,214.79,69,1965,9251,7939.24,8056,7946.75,5
182.6131,nf4,9713,12288,97,8,214.79,69,1965,9251,7939.24,8056,7946.75,5
182.7822,nf4,9713,12288,97,8,215.29,69,1965,9251,7939.23,8056,7946.75,5
182.9521,nf4,9713,12288,97,8,215.29,69,1965,9251,7939.29,8056,7946.75,5
183.1223,nf4,9713,12288,97,8,215.29,69,1965,9251,7939.24,8056,7946.75,5
183.2928,nf4,9713,12288,96,8,215.59,69,1965,9251,7939.24,8056,7946.75,5
183.4630,nf4,9713,12288,96,8,215.59,69,1965,9251,7939.24,8056,7946.75,5
183.6315,nf4,9713,12288,96,8,215.59,69,1965,9251,7939.24,8056,7946.75,5
183.8024,nf4,9713,12288,96,8,215.68,69,1965,9251,7939.24,8056,7946.75,5
183.9723,nf4,9708,12288,96,8,215.68,69,1965,9251,7939.24,8056,7946.75,5
184.1425,nf4,9708,12288,98,8,215.79,69,1965,9251,7939.29,8056,7946.75,5
184.3129,nf4,9708,12288,98,8,215.79,69,1965,9251,7939.27,8056,7946.75,5
184.4837,nf4,9708,12288,98,8,215.79,69,1965,9251,7939.24,8056,7946.75,5
184.6529,nf4,9708,12288,98,8,215.83,69,1965,9251,7939.24,8056,7946.75,5
184.8230,nf4,9707,12288,98,8,215.83,69,1965,9251,7939.24,8056,7946.75,5
185.0070,nf4,9704,12288,98,8,215.83,69,1965,9251,7939.24,8056,7946.75,5
185.1763,nf4,9704,12288,96,8,215.63,69,1965,9251,7939.24,8056,7946.75,5
185.3442,nf4,9708,12288,96,8,215.63,69,1965,9251,7939.26,8056,7946.75,5
185.5134,nf4,9708,12288,96,8,215.63,69,1965,9251,7939.27,8056,7946.75,5
185.6825,nf4,9707,12288,96,8,215.48,69,1965,9251,7939.24,8056,7946.75,5
185.8526,nf4,9705,12288,96,8,215.48,69,1965,9251,7939.24,8056,7946.75,5
186.0227,nf4,9699,12288,96,8,215.48,69,1965,9251,7939.24,8056,7946.75,5
186.1911,nf4,9699,12288,97,8,215.44,69,1965,9251,7939.24,8056,7946.75,5
186.3591,nf4,9697,12288,97,8,215.44,69,1965,9251,7939.24,8056,7946.75,5
186.5276,nf4,9687,12288,97,8,215.44,69,1965,9251,7939.24,8056,7946.75,5
186.6973,nf4,9683,12288,97,8,214.47,69,1965,9251,7939.24,8056,7946.75,5
186.8679,nf4,9683,12288,97,8,214.47,69,1965,9251,7939.24,8056,7946.75,5
187.0371,nf4,9683,12288,97,8,214.47,69,1965,9251,7939.24,8056,7946.75,5
187.2066,nf4,9683,12288,97,8,214.54,69,1965,9251,7939.28,8056,7946.75,5
187.3760,nf4,9683,12288,97,8,214.54,69,1965,9251,7939.27,8056,7946.75,5
187.5456,nf4,9683,12288,97,8,214.54,69,1965,9251,7939.24,8056,7946.75,5
187.7136,nf4,9683,12288,97,8,215.46,69,1965,9251,7939.24,8056,7946.75,5
187.8825,nf4,9683,12288,97,8,215.46,69,1965,9251,7939.24,8056,7946.75,5
188.0497,nf4,9683,12288,97,8,215.46,69,1965,9251,7939.24,8056,7946.75,5
188.2202,nf4,9684,12288,97,8,215.85,69,1965,9251,7939.24,8056,7946.75,5
188.3900,nf4,9684,12288,97,8,215.85,69,1965,9251,7939.24,8056,7946.75,5
188.5602,nf4,9684,12288,97,8,215.85,69,1965,9251,7939.31,8056,7946.75,5
188.7445,nf4,9684,12288,97,8,215.67,69,1965,9251,7939.24,8056,7946.75,5
188.9135,nf4,9683,12288,97,8,215.67,69,1965,9251,7939.24,8056,7946.75,5
189.0831,nf4,9683,12288,97,8,215.67,69,1965,9251,7939.24,8056,7946.75,5
189.2526,nf4,9683,12288,98,8,215.63,69,1965,9251,7939.24,8056,7946.75,5
189.4205,nf4,9683,12288,98,8,215.63,69,1965,9251,7939.24,8056,7946.75,5
189.5887,nf4,9683,12288,98,8,215.63,69,1965,9251,7939.24,8056,7946.75,5
189.7585,nf4,9683,12288,98,8,215.73,69,1965,9251,7939.3,8056,7946.75,5
189.9287,nf4,9683,12288,98,8,215.73,69,1965,9251,7939.29,8056,7946.75,5
190.0965,nf4,9683,12288,98,8,215.73,69,1965,9251,7939.24,8056,7946.75,5
190.2659,nf4,9683,12288,97,8,215.66,69,1965,9251,7939.24,8056,7946.75,5
190.4328,nf4,9683,12288,97,8,215.66,69,1965,9251,7939.24,8056,7946.75,5
190.6011,nf4,9683,12288,97,8,215.66,69,1965,9251,7939.24,8056,7946.75,5
190.7709,nf4,9683,12288,97,8,215.66,69,1965,9251,7939.24,8056,7946.75,5
190.9399,nf4,9683,12288,97,8,215.66,69,1965,9251,7939.24,8056,7946.75,5
191.1087,nf4,9683,12288,97,8,215.66,69,1965,9251,7939.24,8056,7946.75,5
191.2798,nf4,9683,12288,97,8,215.63,69,1965,9251,7939.29,8056,7946.75,5
191.4510,nf4,9683,12288,97,8,215.63,69,1965,9251,7939.24,8056,7946.75,5
191.6218,nf4,9682,12288,97,8,215.63,69,1965,9251,7939.24,8056,7946.75,5
191.8073,nf4,9682,12288,97,8,215.54,69,1965,9251,7939.24,8056,7946.75,5
191.9759,nf4,9682,12288,97,8,215.54,69,1965,9251,7939.24,8056,7946.75,5
192.1445,nf4,9682,12288,98,8,215.53,69,1965,9251,7939.24,8056,7946.75,5
192.3124,nf4,9682,12288,98,8,215.53,69,1965,9251,7939.24,8056,7946.75,5
192.4819,nf4,9668,12288,98,8,215.53,69,1965,9251,7939.27,8056,7946.75,5
192.6533,nf4,9667,12288,98,8,215.25,69,1965,9251,7939.27,8056,7946.75,5
192.8225,nf4,9667,12288,98,8,215.25,69,1965,9251,7939.24,8056,7946.75,5
192.9917,nf4,9667,12288,98,8,215.25,69,1965,9251,7939.24,8056,7946.75,5
193.1593,nf4,9667,12288,97,8,215.25,69,1965,9251,7939.24,8056,7946.75,5
193.3303,nf4,9667,12288,97,8,215.25,69,1965,9251,7939.24,8056,7946.75,5
193.5023,nf4,9667,12288,97,8,215.25,69,1965,9251,7939.24,8056,7946.75,5
193.6711,nf4,9667,12288,97,8,215.49,69,1965,9251,7939.24,8056,7946.75,5
193.8415,nf4,9667,12288,97,8,215.49,69,1965,9251,7939.29,8056,7946.75,5
194.0114,nf4,9667,12288,97,8,215.49,69,1965,9251,7939.3,8056,7946.75,5
194.1793,nf4,9667,12288,98,8,215.49,69,1965,9251,7939.24,8056,7946.75,5
194.3481,nf4,9667,12288,98,8,215.49,69,1965,9251,7939.24,8056,7946.75,5
194.5178,nf4,9678,12288,98,8,215.49,69,1965,9251,7939.24,8056,7946.75,5
194.6860,nf4,9669,12288,98,8,215.16,69,1965,9251,7939.24,8056,7946.75,5
194.8547,nf4,9669,12288,98,8,215.16,69,1965,9251,7939.24,8056,7946.75,5
195.0257,nf4,9669,12288,98,8,215.16,69,1965,9251,7939.24,8056,7946.75,5
195.1957,nf4,9669,12288,97,8,214.82,69,1965,9251,7939.24,8056,7946.75,5
195.3650,nf4,9669,12288,97,8,214.82,69,1965,9251,7939.24,8056,7946.75,5
195.5352,nf4,9669,12288,97,8,214.82,69,1965,9251,7939.27,8056,7946.75,5
195.7045,nf4,9669,12288,97,8,214.95,69,1965,9251,7939.24,8056,7946.75,5
195.8723,nf4,9669,12288,97,8,214.95,69,1965,9251,7939.24,8056,7946.75,5
196.0428,nf4,9669,12288,97,8,214.95,69,1965,9251,7939.24,8056,7946.75,5
196.2139,nf4,9669,12288,97,8,215.65,69,1965,9251,7939.24,8056,7946.75,5
196.3813,nf4,9669,12288,97,8,215.65,69,1965,9251,7939.24,8056,7946.75,5
196.5534,nf4,9669,12288,97,8,215.65,69,1965,9251,7939.24,8056,7946.75,5
196.7212,nf4,9668,12288,97,8,215.76,69,1965,9251,7939.29,8056,7946.75,5
196.8913,nf4,9668,12288,97,8,215.76,69,1965,9251,7939.27,8056,7946.75,5
197.0632,nf4,9668,12288,97,8,215.76,69,1965,9251,7939.24,8056,7946.75,5
197.2344,nf4,9668,12288,98,8,215.77,69,1965,9251,7939.24,8056,7946.75,5
197.4048,nf4,9668,12288,98,8,215.77,69,1965,9251,7939.24,8056,7946.75,5
197.5776,nf4,9668,12288,98,8,215.77,69,1965,9251,7939.24,8056,7946.75,5
197.7479,nf4,9668,12288,98,8,215.74,69,1965,9251,7939.24,8056,7946.75,5
197.9181,nf4,9668,12288,98,8,215.74,69,1965,9251,7939.24,8056,7946.75,5
198.0857,nf4,9668,12288,98,8,215.74,69,1965,9251,7939.27,8056,7946.75,5
198.2564,nf4,9668,12288,97,8,215.66,69,1965,9251,7939.24,8056,7946.75,5
198.4284,nf4,9668,12288,97,8,215.66,69,1965,9251,7939.24,8056,7946.75,5
198.5970,nf4,9668,12288,97,8,215.66,69,1965,9251,7939.24,8056,7946.75,5
198.7657,nf4,9668,12288,97,8,215.68,69,1965,9251,7939.24,8056,7946.75,5
198.9362,nf4,9668,12288,97,8,215.68,69,1965,9251,7939.24,8056,7946.75,5
199.1068,nf4,9668,12288,97,8,215.68,69,1965,9251,7939.24,8056,7946.75,5
199.2766,nf4,9668,12288,98,8,215.69,69,1965,9251,7939.27,8056,7946.75,5
199.4447,nf4,9668,12288,98,8,215.69,69,1965,9251,7939.27,8056,7946.75,5
199.6142,nf4,9668,12288,98,8,215.69,69,1965,9251,7939.24,8056,7946.75,5
199.7844,nf4,9668,12288,98,8,215.72,69,1965,9251,7939.24,8056,7946.75,5
199.9538,nf4,9668,12288,98,8,215.72,69,1965,9251,7939.24,8056,7946.75,5
200.1223,nf4,9668,12288,98,8,215.72,69,1965,9251,7939.24,8056,7946.75,5
200.2901,nf4,9668,12288,97,8,215.64,69,1965,9251,7939.24,8056,7946.75,5
200.4605,nf4,9668,12288,97,8,215.64,69,1965,9251,7939.24,8056,7946.75,5
200.6331,nf4,9668,12288,97,8,215.64,69,1965,9251,7939.3,8056,7946.75,5
200.8038,nf4,9668,12288,97,8,215.62,69,1965,9251,7939.28,8056,7946.75,5
200.9745,nf4,9767,12288,97,8,215.62,69,1965,9251,7939.24,8056,7946.75,5
201.1448,nf4,9767,12288,97,8,215.79,69,1965,9251,7939.24,8056,7946.75,5
201.3304,nf4,9767,12288,97,8,215.79,69,1965,9251,7939.24,8056,7946.75,5
201.5029,nf4,9767,12288,97,8,215.79,69,1965,9251,7939.24,8056,7946.75,5
201.6736,nf4,9767,12288,97,8,215.57,69,1965,9251,7939.24,8056,7946.75,5
201.8432,nf4,9768,12288,97,8,215.57,69,1965,9251,7939.24,8056,7946.75,5
202.0414,nf4,9840,12288,97,8,215.57,69,1965,9251,7939.24,8056,7946.75,5
202.2125,nf4,9836,12288,98,11,215.33,69,1965,9251,7939.24,8056,7946.75,5
202.3814,nf4,9836,12288,98,11,215.33,69,1965,9251,7939.24,8056,7946.75,5
202.5528,nf4,9836,12288,98,11,215.33,69,1965,9251,7939.24,8056,7946.75,5
202.7240,nf4,9836,12288,98,11,216.29,69,1965,9251,7939.24,8056,7946.75,5
202.8947,nf4,9836,12288,98,11,216.29,69,1965,9251,7939.24,8056,7946.75,5
203.0660,nf4,9828,12288,98,11,216.29,69,1965,9251,7939.24,8056,7946.75,5
203.2367,nf4,9825,12288,98,8,217.05,69,1965,9251,7939.24,8056,7946.75,5
203.4092,nf4,9825,12288,98,8,217.05,69,1965,9251,7939.24,8056,7946.75,5
203.5797,nf4,9825,12288,98,8,217.05,69,1965,9251,7939.24,8056,7946.75,5
203.7512,nf4,9771,12288,98,8,216.27,69,1965,9251,7939.27,8056,7946.75,5
203.9202,nf4,9771,12288,98,8,216.27,69,1965,9251,7939.24,8056,7946.75,5
204.0898,nf4,9771,12288,98,8,216.27,69,1965,9251,7939.24,8056,7946.75,5
204.2590,nf4,9771,12288,97,8,215.63,69,1965,9251,7939.24,8056,7946.75,5
204.4302,nf4,9767,12288,97,8,215.63,69,1965,9251,7939.24,8056,7946.75,5
204.5994,nf4,9767,12288,97,8,215.63,69,1965,9251,7939.24,8056,7946.75,5
204.7704,nf4,9767,12288,97,8,215.72,69,1965,9251,7939.24,8056,7946.75,5
204.9394,nf4,9767,12288,97,8,215.72,69,1965,9251,7939.24,8056,7946.75,5
205.1106,nf4,9765,12288,97,8,215.72,69,1965,9251,7939.28,8056,7946.75,5
205.2814,nf4,9763,12288,97,8,215.86,69,1965,9251,7939.24,8056,7946.75,5
205.4498,nf4,9760,12288,97,8,215.86,69,1965,9251,7939.24,8056,7946.75,5
205.6193,nf4,9756,12288,97,8,215.86,69,1965,9251,7939.24,8056,7946.75,5
205.7887,nf4,9752,12288,97,8,215.69,69,1965,9251,7939.24,8056,7946.75,5
205.9568,nf4,9748,12288,97,8,215.69,69,1965,9251,7939.24,8056,7946.75,5
206.1280,nf4,9745,12288,97,8,215.69,69,1965,9251,7939.24,8056,7946.75,5
206.2993,nf4,9741,12288,98,8,215.68,69,1965,9251,7939.29,8056,7946.75,5
206.4685,nf4,9741,12288,98,8,215.68,69,1965,9251,7939.27,8056,7946.75,5
206.6379,nf4,9741,12288,98,8,215.68,69,1965,9251,7939.24,8056,7946.75,5
206.8082,nf4,9741,12288,98,8,215.69,69,1965,9251,7939.24,8056,7946.75,5
206.9768,nf4,9741,12288,98,8,215.69,69,1965,9251,7939.24,8056,7946.75,5
207.1469,nf4,9741,12288,97,8,215.39,69,1965,9251,7939.24,8056,7946.75,5
207.3163,nf4,9741,12288,97,8,215.39,69,1965,9251,7939.24,8056,7946.75,5
207.4866,nf4,9741,12288,97,8,215.39,69,1965,9251,7939.24,8056,7946.75,5
207.6580,nf4,9741,12288,97,8,215.41,69,1965,9251,7939.29,8056,7946.75,5
207.8284,nf4,9741,12288,97,8,215.41,69,1965,9251,7939.27,8056,7946.75,5
207.9977,nf4,9741,12288,97,8,215.41,69,1965,9251,7939.24,8056,7946.75,5
208.1677,nf4,9741,12288,97,8,215.75,69,1965,9251,7939.24,8056,7946.75,5
208.3388,nf4,9741,12288,97,8,215.75,69,1965,9251,7939.24,8056,7946.75,5
208.5085,nf4,9741,12288,97,8,215.75,69,1965,9251,7939.24,8056,7946.75,5
208.6818,nf4,9741,12288,97,8,215.66,69,1965,9251,7939.24,8056,7946.75,5
208.8507,nf4,9741,12288,97,8,215.66,69,1965,9251,7939.31,8056,7946.75,5
209.0199,nf4,9741,12288,97,8,215.66,69,1965,9251,7939.28,8056,7946.75,5
209.1909,nf4,9741,12288,98,8,215.58,69,1965,9251,7939.24,8056,7946.75,5
209.3599,nf4,9741,12288,98,8,215.58,69,1965,9251,7939.24,8056,7946.75,5
209.5290,nf4,9741,12288,98,8,215.58,69,1965,9251,7939.24,8056,7946.75,5
209.6996,nf4,9741,12288,98,8,215.67,69,1965,9251,7939.9,8056,7946.75,6
209.8678,nf4,9741,12288,98,8,215.67,69,1965,9251,7940.61,8056,7946.75,6
210.0376,nf4,9741,12288,98,8,215.67,69,1965,9251,7939.9,8056,7946.75,6
210.2098,nf4,9741,12288,97,6,220.97,69,1965,9251,7939.9,8056,7946.75,6
210.3793,nf4,9741,12288,97,6,220.97,69,1965,9251,7940.77,8056,7946.75,6
210.5483,nf4,9741,12288,97,6,220.97,69,1965,9251,7939.9,8056,7946.75,6
210.7198,nf4,9741,12288,97,6,227.01,70,1965,9251,7939.44,8056,7946.75,6
210.8903,nf4,9741,12288,97,6,227.01,70,1965,9251,7939.67,8056,7946.75,6
211.0623,nf4,9741,12288,97,6,227.01,70,1965,9251,7939.24,8056,7946.75,6
211.2324,nf4,9741,12288,98,5,227.78,70,1965,9251,7939.24,8056,7946.75,6
211.4004,nf4,9741,12288,98,5,227.78,70,1965,9251,7939.24,8056,7946.75,6
211.5710,nf4,9741,12288,98,5,227.78,70,1965,9251,7939.29,8056,7946.75,6
211.7415,nf4,9741,12288,98,5,222.1,69,1965,9251,7939.28,8056,7946.75,6
211.9144,nf4,9741,12288,98,5,222.1,69,1965,9251,7939.24,8056,7946.75,6
212.0860,nf4,9741,12288,98,5,222.1,69,1965,9251,7939.24,8056,7946.75,6
212.2566,nf4,9741,12288,97,8,216.71,69,1965,9251,7939.24,8056,7946.75,6
212.4274,nf4,9741,12288,97,8,216.71,69,1965,9251,7939.24,8056,7946.75,6
212.5973,nf4,9741,12288,97,8,216.71,69,1965,9251,7939.24,8056,7946.75,6
212.7686,nf4,9741,12288,97,8,215.86,69,1965,9251,7939.24,8056,7946.75,6
212.9390,nf4,9741,12288,97,8,215.86,69,1965,9251,7939.29,8056,7946.75,6
213.1089,nf4,9741,12288,97,8,215.86,69,1965,9251,7939.29,8056,7946.75,6
213.2812,nf4,9741,12288,96,8,216.02,69,1965,9251,7939.24,8056,7946.75,6
213.4498,nf4,9741,12288,96,8,216.02,69,1965,9251,7939.24,8056,7946.75,6
213.6206,nf4,9741,12288,96,8,216.02,69,1965,9251,7939.24,8056,7946.75,6
213.7902,nf4,9741,12288,96,8,215.75,69,1965,9251,7939.24,8056,7946.75,6
213.9610,nf4,9741,12288,96,8,215.75,69,1965,9251,7939.24,8056,7946.75,6
214.1324,nf4,9730,12288,96,8,215.75,69,1965,9251,7939.29,8056,7946.75,6
214.3037,nf4,9730,12288,98,8,215.72,69,1965,9251,7939.29,8056,7946.75,6
214.4733,nf4,9730,12288,98,8,215.72,69,1965,9251,7939.24,8056,7946.75,6
214.6435,nf4,9730,12288,98,8,215.97,69,1965,9251,7939.24,8056,7946.75,6
214.8149,nf4,9730,12288,98,8,215.97,69,1965,9251,7939.24,8056,7946.75,6
214.9850,nf4,9730,12288,98,8,215.97,69,1965,9251,7939.24,8056,7946.75,6
215.1533,nf4,9730,12288,96,8,215.87,69,1965,9251,7939.24,8056,7946.75,6
215.3210,nf4,9730,12288,96,8,215.87,69,1965,9251,7939.24,8056,7946.75,6
215.4898,nf4,9730,12288,96,8,215.87,69,1965,9251,7939.27,8056,7946.75,6
215.6616,nf4,9730,12288,96,8,215.8,69,1965,9251,7939.24,8056,7946.75,6
215.8319,nf4,9730,12288,96,8,215.8,69,1965,9251,7939.24,8056,7946.75,6
216.0046,nf4,9730,12288,96,8,215.8,69,1965,9251,7939.24,8056,7946.75,6
216.1731,nf4,9728,12288,97,8,215.91,69,1965,9251,7939.24,8056,7946.75,6
216.3444,nf4,9728,12288,97,8,215.91,69,1965,9251,7939.24,8056,7946.75,6
216.5159,nf4,9728,12288,97,8,215.91,69,1965,9251,7939.24,8056,7946.75,6
216.6860,nf4,9728,12288,97,8,215.8,69,1965,9251,7939.27,8056,7946.75,6
216.8607,nf4,9728,12288,97,8,215.8,69,1965,9251,7939.24,8056,7946.75,6
217.0329,nf4,9728,12288,97,8,215.8,69,1965,9251,7939.24,8056,7946.75,6
217.2003,nf4,9728,12288,98,8,215.87,69,1965,9251,7939.24,8056,7946.75,6
217.3706,nf4,9728,12288,98,8,215.87,69,1965,9251,7939.24,8056,7946.75,6
217.5404,nf4,9728,12288,98,8,215.87,69,1965,9251,7939.24,8056,7946.75,6
217.7099,nf4,9728,12288,98,8,216.07,69,1965,9251,7939.24,8056,7946.75,6
217.8805,nf4,9728,12288,98,8,216.07,69,1965,9251,7939.27,8056,7946.75,6
218.0518,nf4,9728,12288,98,8,216.07,69,1965,9251,7939.28,8056,7946.75,6
218.2219,nf4,9728,12288,97,8,215.9,69,1965,9251,7939.24,8056,7946.75,6
218.3921,nf4,9728,12288,97,8,215.9,69,1965,9251,7939.24,8056,7946.75,6
218.5631,nf4,9728,12288,97,8,215.9,69,1965,9251,7939.24,8056,7946.75,6
218.7331,nf4,9728,12288,97,8,215.87,69,1965,9251,7939.24,8056,7946.75,6
218.9022,nf4,9728,12288,97,8,215.87,69,1965,9251,7939.24,8056,7946.75,6
219.0738,nf4,9728,12288,97,8,215.87,69,1965,9251,7939.24,8056,7946.75,6
219.2427,nf4,9728,12288,97,8,215.92,69,1965,9251,7939.29,8056,7946.75,6
219.4122,nf4,9728,12288,97,8,215.92,69,1965,9251,7939.24,8056,7946.75,6
219.5854,nf4,9728,12288,97,8,215.92,69,1965,9251,7939.24,8056,7946.75,6
219.7559,nf4,9728,12288,97,8,215.7,69,1965,9251,7939.24,8056,7946.75,6
219.9270,nf4,9728,12288,97,8,215.7,69,1965,9251,7939.24,8056,7946.75,6
220.0991,nf4,9728,12288,97,8,215.7,69,1965,9251,7939.24,8056,7946.75,6
220.2679,nf4,9728,12288,98,8,215.73,69,1965,9251,7939.24,8056,7946.75,6
220.4364,nf4,9728,12288,98,8,215.73,69,1965,9251,7939.29,8056,7946.75,6
220.6043,nf4,9728,12288,98,8,215.73,69,1965,9251,7939.31,8056,7946.75,6
220.7759,nf4,9728,12288,98,8,215.88,69,1965,9251,7939.24,8056,7946.75,6
220.9464,nf4,9728,12288,98,8,215.88,69,1965,9251,7939.24,8056,7946.75,6
221.1177,nf4,9728,12288,98,8,215.88,69,1965,9251,7939.24,8056,7946.75,6
221.2885,nf4,9728,12288,97,8,215.66,69,1965,9251,7939.24,8056,7946.75,6
221.4591,nf4,9728,12288,97,8,215.66,69,1965,9251,7939.24,8056,7946.75,6
221.6287,nf4,9728,12288,97,8,215.66,69,1965,9251,7939.24,8056,7946.75,6
221.8002,nf4,9728,12288,97,8,215.67,69,1965,9251,7939.29,8056,7946.75,6
221.9697,nf4,9728,12288,97,8,215.67,69,1965,9251,7939.24,8056,7946.75,6
222.1379,nf4,9728,12288,97,8,215.67,69,1965,9251,7939.24,8056,7946.75,6
222.3061,nf4,9728,12288,97,8,215.95,69,1965,9251,7939.24,8056,7946.75,6
222.4746,nf4,9728,12288,97,8,215.95,69,1965,9251,7939.24,8056,7946.75,6
222.6430,nf4,9728,12288,97,8,215.95,69,1965,9251,7939.24,8056,7946.75,6
222.8131,nf4,9728,12288,97,8,215.79,69,1965,9251,7939.24,8056,7946.75,6
222.9827,nf4,9728,12288,97,8,215.79,69,1965,9251,7939.32,8056,7946.75,6
223.1524,nf4,9728,12288,98,8,215.62,69,1965,9251,7939.27,8056,7946.75,6
223.3234,nf4,9728,12288,98,8,215.62,69,1965,9251,7939.24,8056,7946.75,6
223.4931,nf4,9728,12288,98,8,215.62,69,1965,9251,7939.24,8056,7946.75,6
223.6643,nf4,9728,12288,98,8,215.63,69,1965,9251,7939.24,8056,7946.75,6
223.8348,nf4,9728,12288,98,8,215.63,69,1965,9251,7939.24,8056,7946.75,6
224.0054,nf4,9728,12288,98,8,215.63,69,1965,9251,7939.24,8056,7946.75,6
224.1761,nf4,9728,12288,97,8,215.55,69,1965,9251,7939.24,8056,7946.75,6
224.3457,nf4,9728,12288,97,8,215.55,69,1965,9251,7939.31,8056,7946.75,6
224.5163,nf4,9728,12288,97,8,215.55,69,1965,9251,7939.24,8056,7946.75,6
224.6891,nf4,9728,12288,97,8,215.76,69,1965,9251,7939.24,8056,7946.75,6
224.8589,nf4,9728,12288,97,8,215.76,69,1965,9251,7939.24,8056,7946.75,6
225.0298,nf4,9728,12288,97,8,215.76,69,1965,9251,7939.24,8056,7946.75,6
225.2004,nf4,9728,12288,97,8,215.85,69,1965,9251,7939.24,8056,7946.75,6
225.3695,nf4,9728,12288,97,8,215.85,69,1965,9251,7939.24,8056,7946.75,6
225.5389,nf4,9728,12288,97,8,215.85,69,1965,9251,7939.31,8056,7946.75,6
225.7098,nf4,9728,12288,97,8,215.59,69,1965,9251,7939.28,8056,7946.75,6
225.8814,nf4,9728,12288,97,8,215.59,69,1965,9251,7939.24,8056,7946.75,6
226.0525,nf4,9728,12288,97,8,215.59,69,1965,9251,7939.24,8056,7946.75,6
226.2214,nf4,9728,12288,98,8,215.61,69,1965,9251,7939.24,8056,7946.75,6
226.3896,nf4,9728,12288,98,8,215.61,69,1965,9251,7939.24,8056,7946.75,6
226.5580,nf4,9728,12288,98,8,215.61,69,1965,9251,7939.24,8056,7946.75,6
226.7271,nf4,9728,12288,98,8,215.84,69,1965,9251,7939.24,8056,7946.75,6
226.8980,nf4,9728,12288,98,8,215.84,69,1965,9251,7939.29,8056,7946.75,6
227.0706,nf4,9728,12288,98,8,215.84,69,1965,9251,7939.24,8056,7946.75,6
227.2415,nf4,9728,12288,97,8,215.76,69,1965,9251,7939.24,8056,7946.75,6
227.4106,nf4,9728,12288,97,8,215.76,69,1965,9251,7939.24,8056,7946.75,6
227.5802,nf4,9728,12288,97,8,215.76,69,1965,9251,7939.24,8056,7946.75,6
227.7504,nf4,9728,12288,97,8,215.64,69,1965,9251,7939.24,8056,7946.75,6
227.9221,nf4,9728,12288,97,8,215.64,69,1965,9251,7939.24,8056,7946.75,6
228.0928,nf4,9728,12288,97,8,215.64,69,1965,9251,7939.28,8056,7946.75,6
228.2629,nf4,9728,12288,97,8,215.82,69,1965,9251,7939.27,8056,7946.75,6
228.4323,nf4,9728,12288,97,8,215.82,69,1965,9251,7939.24,8056,7946.75,6
228.6011,nf4,9728,12288,97,8,215.82,69,1965,9251,7939.24,8056,7946.75,6
228.7724,nf4,9728,12288,97,8,215.81,69,1965,9251,7939.24,8056,7946.75,6
228.9419,nf4,9728,12288,97,8,215.81,69,1965,9251,7939.24,8056,7946.75,6
229.1142,nf4,9728,12288,97,8,215.81,69,1965,9251,7939.24,8056,7946.75,6
229.2836,nf4,9728,12288,98,8,215.77,69,1965,9251,7939.24,8056,7946.75,6
229.4543,nf4,9728,12288,98,8,215.77,69,1965,9251,7939.28,8056,7946.75,6
229.6243,nf4,9728,12288,98,8,215.77,69,1965,9251,7939.24,8056,7946.75,6
229.7998,nf4,9728,12288,98,8,215.96,69,1965,9251,7939.24,8056,7946.75,6
229.9697,nf4,9728,12288,98,8,215.96,69,1965,9251,7939.24,8056,7946.75,6
230.1398,nf4,9728,12288,98,8,215.96,69,1965,9251,7939.24,8056,7946.75,6
230.3125,nf4,9728,12288,97,8,215.88,69,1965,9251,7939.24,8056,7946.75,6
230.4818,nf4,9728,12288,97,8,215.88,69,1965,9251,7939.24,8056,7946.75,6
230.6541,nf4,9733,12288,97,8,215.92,69,1965,9251,7939.28,8056,7946.75,6
230.8228,nf4,9733,12288,97,8,215.92,69,1965,9251,7939.24,8056,7946.75,6
230.9925,nf4,9733,12288,97,8,215.92,69,1965,9251,7939.24,8056,7946.75,6
231.1639,nf4,9733,12288,97,8,216.04,69,1965,9251,7939.24,8056,7946.75,6
231.3353,nf4,9733,12288,97,8,216.04,69,1965,9251,7939.24,8056,7946.75,6
231.5053,nf4,9733,12288,97,8,216.04,69,1965,9251,7939.24,8056,7946.75,6
231.6761,nf4,9728,12288,97,8,215.91,69,1965,9251,7939.24,8056,7946.75,6
231.8459,nf4,9728,12288,97,8,215.91,69,1965,9251,7939.27,8056,7946.75,6
232.0182,nf4,9724,12288,97,8,215.91,69,1965,9251,7939.32,8056,7946.75,6
232.1887,nf4,9724,12288,98,8,215.93,69,1965,9251,7939.24,8056,7946.75,6
232.3594,nf4,9724,12288,98,8,215.93,69,1965,9251,7939.24,8056,7946.75,6
232.5272,nf4,9724,12288,98,8,215.93,69,1965,9251,7939.24,8056,7946.75,6
232.6978,nf4,9724,12288,98,8,216.08,69,1965,9251,7939.24,8056,7946.75,6
232.8684,nf4,9724,12288,98,8,216.08,69,1965,9251,7939.24,8056,7946.75,6
233.0401,nf4,9724,12288,98,8,216.08,69,1965,9251,7939.24,8056,7946.75,6
233.2098,nf4,9724,12288,97,8,216,69,1965,9251,7939.27,8056,7946.75,6
233.3803,nf4,9724,12288,97,8,216,69,1965,9251,7939.24,8056,7946.75,6
233.5503,nf4,9724,12288,97,8,216,69,1965,9251,7939.24,8056,7946.75,6
233.7195,nf4,9724,12288,97,8,216.04,69,1965,9251,7939.24,8056,7946.75,6
233.8890,nf4,9724,12288,97,8,216.04,69,1965,9251,7939.24,8056,7946.75,6
234.0611,nf4,9724,12288,97,8,216.04,69,1965,9251,7939.24,8056,7946.75,6
234.2313,nf4,9724,12288,97,8,216.08,69,1965,9251,7939.24,8056,7946.75,6
234.3995,nf4,9724,12288,97,8,216.08,69,1965,9251,7939.28,8056,7946.75,6
234.5691,nf4,9724,12288,97,8,216.08,69,1965,9251,7939.28,8056,7946.75,6
234.7409,nf4,9724,12288,97,8,215.82,69,1965,9251,7939.24,8056,7946.75,6
234.9109,nf4,9724,12288,97,8,215.82,69,1965,9251,7939.24,8056,7946.75,6
235.0817,nf4,9724,12288,97,8,215.82,69,1965,9251,7939.24,8056,7946.75,6
235.2523,nf4,9724,12288,98,8,215.86,69,1965,9251,7939.24,8056,7946.75,6
235.4225,nf4,9724,12288,98,8,215.86,69,1965,9251,7939.24,8056,7946.75,6
235.5926,nf4,9724,12288,98,8,215.86,69,1965,9251,7939.28,8056,7946.75,6
235.7646,nf4,9724,12288,98,8,216.03,69,1965,9251,7939.27,8056,7946.75,6
235.9356,nf4,9724,12288,98,8,216.03,69,1965,9251,7939.24,8056,7946.75,6
236.1070,nf4,9724,12288,98,8,216.03,69,1965,9251,7939.24,8056,7946.75,6
236.2764,nf4,9724,12288,97,8,215.94,69,1965,9251,7939.24,8056,7946.75,6
236.4457,nf4,9724,12288,97,8,215.94,69,1965,9251,7939.24,8056,7946.75,6
236.6160,nf4,9724,12288,97,8,215.94,69,1965,9251,7939.24,8056,7946.75,6
236.7857,nf4,9724,12288,97,8,215.86,69,1965,9251,7939.24,8056,7946.75,6
236.9555,nf4,9724,12288,97,8,215.86,69,1965,9251,7939.29,8056,7946.75,6
237.1245,nf4,9724,12288,97,8,215.86,69,1965,9251,7939.29,8056,7946.75,6
237.2965,nf4,9724,12288,97,8,215.9,69,1965,9251,7939.24,8056,7946.75,6
237.4671,nf4,9724,12288,97,8,215.9,69,1965,9251,7939.24,8056,7946.75,6
237.6378,nf4,9724,12288,97,8,215.9,69,1965,9251,7939.24,8056,7946.75,6
237.8097,nf4,9724,12288,97,8,215.76,69,1965,9251,7939.24,8056,7946.75,6
237.9801,nf4,9724,12288,97,8,215.76,69,1965,9251,7939.24,8056,7946.75,6
238.1524,nf4,9724,12288,98,8,215.78,69,1965,9251,7939.27,8056,7946.75,6
238.3225,nf4,9724,12288,98,8,215.78,69,1965,9251,7939.27,8056,7946.75,6
238.4946,nf4,9724,12288,98,8,215.78,69,1965,9251,7939.24,8056,7946.75,6
238.6643,nf4,9724,12288,98,8,215.83,69,1965,9251,7939.24,8056,7946.75,6
238.8345,nf4,9724,12288,98,8,215.83,69,1965,9251,7939.24,8056,7946.75,6
239.0035,nf4,9724,12288,98,8,215.83,69,1965,9251,7939.24,8056,7946.75,6
239.1764,nf4,9724,12288,97,8,215.71,69,1965,9251,7939.24,8056,7946.75,6
239.3463,nf4,9724,12288,97,8,215.71,69,1965,9251,7939.24,8056,7946.75,6
239.5174,nf4,9724,12288,97,8,215.71,69,1965,9251,7939.28,8056,7946.75,6
239.6881,nf4,9724,12288,97,8,215.67,69,1965,9251,7939.24,8056,7946.75,6
239.8589,nf4,9724,12288,97,8,215.67,69,1965,9251,7939.24,8056,7946.75,6
240.0302,nf4,9729,12288,97,8,215.67,69,1965,9251,7939.24,8056,7946.75,6
240.2023,nf4,9729,12288,97,8,215.64,69,1965,9251,7939.24,8056,7946.75,6
240.3765,nf4,9729,12288,97,8,215.64,69,1965,9251,7939.24,8056,7946.75,6
240.5495,nf4,9729,12288,97,8,215.64,69,1965,9251,7939.24,8056,7946.75,6
240.7201,nf4,9729,12288,97,8,215.57,69,1965,9251,7939.31,8056,7946.75,6
240.8897,nf4,9729,12288,97,8,215.57,69,1965,9251,7939.24,8056,7946.75,6
241.0603,nf4,9729,12288,97,8,215.57,69,1965,9251,7939.24,8056,7946.75,6
241.2295,nf4,9729,12288,97,8,215.55,69,1965,9251,7939.24,8056,7946.75,6
241.3995,nf4,9729,12288,97,8,215.55,69,1965,9251,7939.24,8056,7946.75,6
241.5723,nf4,9725,12288,97,8,215.55,69,1965,9251,7939.24,8056,7946.75,6
241.7406,nf4,9725,12288,97,8,215.68,69,1965,9251,7939.24,8056,7946.75,6
241.9130,nf4,9725,12288,97,8,215.68,69,1965,9251,7939.31,8056,7946.75,6
242.0848,nf4,9725,12288,97,8,215.68,69,1965,9251,7939.28,8056,7946.75,6
242.2561,nf4,9725,12288,97,8,215.71,69,1965,9251,7939.24,8056,7946.75,6
242.4272,nf4,9725,12288,97,8,215.71,69,1965,9251,7939.24,8056,7946.75,6
242.5968,nf4,9725,12288,97,8,215.71,69,1965,9251,7939.24,8056,7946.75,6
242.7663,nf4,9725,12288,97,8,215.66,69,1965,9251,7939.24,8056,7946.75,6
242.9383,nf4,9725,12288,97,8,215.66,69,1965,9251,7939.24,8056,7946.75,6
243.1088,nf4,9725,12288,97,8,215.66,69,1965,9251,7939.23,8056,7946.75,6
243.2793,nf4,9725,12288,98,8,215.66,69,1965,9251,7939.29,8056,7946.75,6
243.4508,nf4,9725,12288,98,8,215.66,69,1965,9251,7939.24,8056,7946.75,6
243.6241,nf4,9725,12288,98,8,215.66,69,1965,9251,7939.24,8056,7946.75,6
243.7926,nf4,9725,12288,98,8,215.75,69,1965,9251,7939.24,8056,7946.75,6
243.9635,nf4,9725,12288,98,8,215.75,69,1965,9251,7939.24,8056,7946.75,6
244.1367,nf4,9725,12288,98,8,215.75,69,1965,9251,7939.24,8056,7946.75,6
244.3059,nf4,9725,12288,97,8,215.68,69,1965,9251,7939.24,8056,7946.75,6
244.4742,nf4,9725,12288,97,8,215.68,69,1965,9251,7939.29,8056,7946.75,6
244.6436,nf4,9725,12288,97,8,215.68,69,1965,9251,7939.27,8056,7946.75,6
244.8134,nf4,9725,12288,97,8,215.79,69,1965,9251,7939.24,8056,7946.75,6
244.9823,nf4,9725,12288,97,8,215.79,69,1965,9251,7939.24,8056,7946.75,6
245.1522,nf4,9725,12288,97,8,215.91,69,1965,9251,7939.24,8056,7946.75,6
245.3225,nf4,9725,12288,97,8,215.91,69,1965,9251,7939.24,8056,7946.75,6
245.4912,nf4,9725,12288,97,8,215.91,69,1965,9251,7939.24,8056,7946.75,6
245.6633,nf4,9725,12288,97,8,215.77,69,1965,9251,7939.24,8056,7946.75,6
245.8340,nf4,9725,12288,97,8,215.77,69,1965,9251,7939.31,8056,7946.75,6
246.0042,nf4,9725,12288,97,8,215.77,69,1965,9251,7939.28,8056,7946.75,6
246.1766,nf4,9725,12288,98,8,215.76,69,1965,9251,7939.24,8056,7946.75,6
246.3456,nf4,9725,12288,98,8,215.76,69,1965,9251,7939.24,8056,7946.75,6
246.5154,nf4,9725,12288,98,8,215.76,69,1965,9251,7939.24,8056,7946.75,6
246.6853,nf4,9725,12288,98,8,215.93,69,1965,9251,7939.24,8056,7946.75,6
246.8552,nf4,9725,12288,98,8,215.93,69,1965,9251,7939.24,8056,7946.75,6
247.0275,nf4,9725,12288,98,8,215.93,69,1965,9251,7939.24,8056,7946.75,6
247.1969,nf4,9725,12288,97,8,215.75,69,1965,9251,7939.27,8056,7946.75,6
247.3650,nf4,9725,12288,97,8,215.75,69,1965,9251,7939.24,8056,7946.75,6
247.5357,nf4,9725,12288,97,8,215.75,69,1965,9251,7939.24,8056,7946.75,6
247.7065,nf4,9725,12288,97,8,215.83,69,1965,9251,7939.24,8056,7946.75,6
247.8755,nf4,9725,12288,97,8,215.83,69,1965,9251,7939.24,8056,7946.75,6
248.0480,nf4,9725,12288,97,8,215.83,69,1965,9251,7939.24,8056,7946.75,6
248.2166,nf4,9725,12288,97,8,216.12,69,1965,9251,7939.24,8056,7946.75,6
248.3872,nf4,9725,12288,97,8,216.12,69,1965,9251,7939.23,8056,7946.75,6
248.5570,nf4,9725,12288,97,8,216.12,69,1965,9251,7939.27,8056,7946.75,6
248.7270,nf4,9725,12288,97,8,215.94,69,1965,9251,7939.24,8056,7946.75,6
248.8954,nf4,9725,12288,97,8,215.94,69,1965,9251,7940.61,8056,7946.75,7
249.0654,nf4,9725,12288,97,8,215.94,69,1965,9251,7939.9,8056,7946.75,7
249.2345,nf4,9725,12288,97,6,218.72,70,1965,9251,7939.9,8056,7946.75,7
249.4044,nf4,9725,12288,97,6,218.72,70,1965,9251,7939.9,8056,7946.75,7
249.5772,nf4,9725,12288,97,6,218.72,70,1965,9251,7939.9,8056,7946.75,7
249.7504,nf4,9725,12288,97,6,224.61,70,1965,9251,7939.23,8056,7946.75,7
249.9201,nf4,9725,12288,97,6,224.61,70,1965,9251,7939.23,8056,7946.75,7
250.0906,nf4,9725,12288,97,6,224.61,70,1965,9251,7939.23,8056,7946.75,7
250.2628,nf4,9725,12288,97,8,225.95,69,1965,9251,7939.23,8056,7946.75,7
250.4338,nf4,9725,12288,97,8,225.95,69,1965,9251,7939.23,8056,7946.75,7
250.6056,nf4,9725,12288,97,8,225.95,69,1965,9251,7939.27,8056,7946.75,7
250.7755,nf4,9725,12288,97,8,220.36,69,1965,9251,7939.29,8056,7946.75,7
250.9445,nf4,9725,12288,97,8,220.36,69,1965,9251,7939.23,8056,7946.75,7
251.1140,nf4,9725,12288,97,8,220.36,69,1965,9251,7939.23,8056,7946.75,7
251.2844,nf4,9725,12288,96,8,216.16,69,1965,9251,7939.23,8056,7946.75,7
251.4545,nf4,9725,12288,96,8,216.16,69,1965,9251,7939.23,8056,7946.75,7
251.6256,nf4,9725,12288,96,8,216.16,69,1965,9251,7939.23,8056,7946.75,7
251.7952,nf4,9725,12288,96,8,216.05,69,1965,9251,7939.26,8056,7946.75,7
251.9649,nf4,9725,12288,96,8,216.05,69,1965,9251,7939.29,8056,7946.75,7
252.1359,nf4,9725,12288,96,8,216.05,69,1965,9251,7939.23,8056,7946.75,7
252.3049,nf4,9725,12288,97,8,216.17,69,1965,9251,7939.23,8056,7946.75,7
252.4757,nf4,9725,12288,97,8,216.17,69,1965,9251,7939.23,8056,7946.75,7
252.6437,nf4,9725,12288,97,8,216.17,69,1965,9251,7939.23,8056,7946.75,7
252.8137,nf4,9725,12288,97,8,216.16,69,1965,9251,7939.23,8056,7946.75,7
252.9823,nf4,9725,12288,97,8,216.16,69,1965,9251,7939.23,8056,7946.75,7
253.1531,nf4,9725,12288,98,8,216.13,69,1965,9251,7939.26,8056,7946.75,7
253.3239,nf4,9725,12288,98,8,216.13,69,1965,9251,7939.27,8056,7946.75,7
253.4933,nf4,9725,12288,98,8,216.13,69,1965,9251,7939.23,8056,7946.75,7
253.6636,nf4,9725,12288,98,8,216.2,69,1965,9251,7939.23,8056,7946.75,7
253.8364,nf4,9725,12288,98,8,216.2,69,1965,9251,7939.23,8056,7946.75,7
254.0054,nf4,9725,12288,98,8,216.2,69,1965,9251,7939.23,8056,7946.75,7
254.1740,nf4,9725,12288,97,8,216.11,69,1965,9251,7939.23,8056,7946.75,7
254.3444,nf4,9725,12288,97,8,216.11,69,1965,9251,7939.23,8056,7946.75,7
254.5147,nf4,9725,12288,97,8,216.11,69,1965,9251,7939.27,8056,7946.75,7
254.6857,nf4,9725,12288,97,8,215.96,69,1965,9251,7939.23,8056,7946.75,7
254.8557,nf4,9725,12288,97,8,215.96,69,1965,9251,7939.23,8056,7946.75,7
255.0264,nf4,9725,12288,97,8,215.96,69,1965,9251,7939.23,8056,7946.75,7
255.1961,nf4,9725,12288,97,8,215.84,69,1965,9251,7939.23,8056,7946.75,7
255.3659,nf4,9725,12288,97,8,215.84,69,1965,9251,7939.23,8056,7946.75,7
255.5343,nf4,9725,12288,97,8,215.84,69,1965,9251,7939.23,8056,7946.75,7
255.7038,nf4,9725,12288,97,8,215.82,69,1965,9251,7939.3,8056,7946.75,7
255.8753,nf4,9725,12288,97,8,215.82,69,1965,9251,7939.27,8056,7946.75,7
256.0460,nf4,9725,12288,97,8,215.82,69,1965,9251,7939.23,8056,7946.75,7
256.2163,nf4,9725,12288,98,8,215.97,69,1965,9251,7939.23,8056,7946.75,7
256.3871,nf4,9725,12288,98,8,215.97,69,1965,9251,7939.23,8056,7946.75,7
256.5575,nf4,9725,12288,98,8,215.97,69,1965,9251,7939.23,8056,7946.75,7
256.7285,nf4,9725,12288,98,8,215.99,69,1965,9251,7939.23,8056,7946.75,7
256.8992,nf4,9725,12288,98,8,215.99,69,1965,9251,7939.27,8056,7946.75,7
257.0683,nf4,9725,12288,98,8,215.99,69,1965,9251,7939.27,8056,7946.75,7
257.2364,nf4,9725,12288,97,8,216.01,69,1965,9251,7939.23,8056,7946.75,7
257.4055,nf4,9725,12288,97,8,216.01,69,1965,9251,7939.23,8056,7946.75,7
257.5773,nf4,9725,12288,97,8,216.01,69,1965,9251,7939.23,8056,7946.75,7
257.7483,nf4,9725,12288,97,8,215.96,69,1965,9251,7939.23,8056,7946.75,7
257.9198,nf4,9725,12288,97,8,215.96,69,1965,9251,7939.23,8056,7946.75,7
258.0898,nf4,9725,12288,97,8,215.96,69,1965,9251,7939.23,8056,7946.75,7
258.2603,nf4,9725,12288,97,8,215.96,69,1965,9251,7939.27,8056,7946.75,7
258.4323,nf4,9725,12288,97,8,215.96,69,1965,9251,7939.23,8056,7946.75,7
258.6026,nf4,9725,12288,97,8,215.96,69,1965,9251,7939.23,8056,7946.75,7
258.7728,nf4,9725,12288,97,8,215.88,69,1965,9251,7939.23,8056,7946.75,7
258.9440,nf4,9725,12288,97,8,215.88,69,1965,9251,7939.23,8056,7946.75,7
259.1128,nf4,9725,12288,97,8,215.88,69,1965,9251,7939.23,8056,7946.75,7
259.2812,nf4,9725,12288,98,8,215.94,69,1965,9251,7939.23,8056,7946.75,7
259.4526,nf4,9725,12288,98,8,215.94,69,1965,9251,7939.27,8056,7946.75,7
259.6227,nf4,9725,12288,98,8,215.94,69,1965,9251,7939.27,8056,7946.75,7
259.7954,nf4,9725,12288,98,8,216.02,69,1965,9251,7942.11,8056,7946.75,8
259.9662,nf4,9725,12288,98,8,216.02,69,1965,9251,7939.9,8056,7946.75,8
260.1354,nf4,9725,12288,98,8,216.02,69,1965,9251,7939.9,8056,7946.75,8
260.3048,nf4,9725,12288,97,6,219.97,70,1965,9251,7939.53,8056,7946.75,8
260.4760,nf4,9725,12288,97,6,219.97,70,1965,9251,7939.53,8056,7946.75,8
260.6466,nf4,9725,12288,97,6,225.9,70,1965,9251,7939.23,8056,7946.75,8
260.8156,nf4,9725,12288,97,6,225.9,70,1965,9251,7939.23,8056,7946.75,8
260.9863,nf4,9759,12288,97,6,225.9,70,1965,9251,7939.9,8056,7946.75,9
261.1555,nf4,9756,12288,98,6,226.97,70,1965,9251,7940.02,8056,7946.75,9
261.3261,nf4,9756,12288,98,6,226.97,70,1965,9251,7939.9,8056,7946.75,9
261.4992,nf4,9756,12288,98,6,226.97,70,1965,9251,7939.9,8056,7946.75,9
261.6699,nf4,9756,12288,98,6,226.76,70,1965,9251,7941.24,8056,7946.75,9
261.8405,nf4,9756,12288,98,6,226.76,70,1965,9251,7939.53,8056,7946.75,9
262.0121,nf4,9809,12288,98,6,226.76,70,1965,9251,7939.24,8056,7946.75,9
262.1970,nf4,9823,12288,98,8,228,70,1965,9251,7939.24,8056,7946.75,9
262.3669,nf4,9820,12288,98,8,228,70,1965,9251,7939.27,8056,7946.75,9
262.5350,nf4,9820,12288,98,8,228,70,1965,9251,7939.29,8056,7946.75,9
262.7058,nf4,9816,12288,98,8,224.38,70,1965,9251,7939.27,8056,7946.75,9
262.8747,nf4,9816,12288,98,8,224.38,70,1965,9251,7939.31,8056,7946.75,9
263.0472,nf4,9812,12288,98,8,224.38,70,1965,9251,7939.29,8056,7946.75,9
263.2154,nf4,9812,12288,96,8,219.6,69,1965,9251,7939.24,8056,7946.75,9
263.3838,nf4,9812,12288,96,8,219.6,69,1965,9251,7939.24,8056,7946.75,9
263.5539,nf4,9812,12288,96,8,219.6,69,1965,9251,7939.24,8056,7946.75,9
263.7257,nf4,9759,12288,96,8,216.97,69,1965,9251,7939.24,8056,7946.75,9
263.8996,nf4,9759,12288,96,8,216.97,69,1965,9251,7939.24,8056,7946.75,9
264.0709,nf4,9759,12288,96,8,216.97,69,1965,9251,7939.27,8056,7946.75,9
264.2405,nf4,9759,12288,97,8,216.41,69,1965,9251,7939.24,8056,7946.75,9
264.4114,nf4,9755,12288,97,8,216.41,69,1965,9251,7939.24,8056,7946.75,9
264.5820,nf4,9755,12288,97,8,216.41,69,1965,9251,7939.24,8056,7946.75,9
264.7542,nf4,9755,12288,97,8,216.21,69,1965,9251,7939.24,8056,7946.75,9
264.9246,nf4,9754,12288,97,8,216.21,69,1965,9251,7939.24,8056,7946.75,9
265.0952,nf4,9752,12288,97,8,216.21,69,1965,9251,7939.24,8056,7946.75,9
265.2649,nf4,9750,12288,98,8,216.1,69,1965,9251,7939.27,8056,7946.75,9
265.4344,nf4,9747,12288,98,8,216.1,69,1965,9251,7939.31,8056,7946.75,9
265.6056,nf4,9743,12288,98,8,216.1,69,1965,9251,7939.24,8056,7946.75,9
265.7786,nf4,9739,12288,98,8,216.18,69,1965,9251,7939.24,8056,7946.75,9
265.9502,nf4,9735,12288,98,8,216.18,69,1965,9251,7939.24,8056,7946.75,9
266.1202,nf4,9731,12288,98,8,216.18,69,1965,9251,7939.24,8056,7946.75,9
266.2921,nf4,9728,12288,96,8,215.96,69,1965,9251,7939.24,8056,7946.75,9
266.4626,nf4,9728,12288,96,8,215.96,69,1965,9251,7939.29,8056,7946.75,9
266.6344,nf4,9728,12288,96,8,215.96,69,1965,9251,7939.24,8056,7946.75,9
266.8047,nf4,9728,12288,96,8,216.02,69,1965,9251,7939.24,8056,7946.75,9
266.9750,nf4,9728,12288,96,8,216.02,69,1965,9251,7939.24,8056,7946.75,9
267.1438,nf4,9728,12288,96,8,216.02,69,1965,9251,7939.24,8056,7946.75,9
267.3122,nf4,9728,12288,97,8,216.23,69,1965,9251,7939.24,8056,7946.75,9
267.4811,nf4,9728,12288,97,8,216.23,69,1965,9251,7939.24,8056,7946.75,9
267.6536,nf4,9728,12288,97,8,216.14,69,1965,9251,7939.31,8056,7946.75,9
267.8235,nf4,9728,12288,97,8,216.14,69,1965,9251,7939.27,8056,7946.75,9
267.9930,nf4,9728,12288,97,8,216.14,69,1965,9251,7939.24,8056,7946.75,9
268.1638,nf4,9728,12288,98,8,215.96,69,1965,9251,7939.24,8056,7946.75,9
268.3346,nf4,9728,12288,98,8,215.96,69,1965,9251,7939.24,8056,7946.75,9
268.5043,nf4,9728,12288,98,8,215.96,69,1965,9251,7939.24,8056,7946.75,9
268.6767,nf4,9728,12288,98,8,216.02,69,1965,9251,7939.24,8056,7946.75,9
268.8467,nf4,9728,12288,98,8,216.02,69,1965,9251,7939.24,8056,7946.75,9
269.0176,nf4,9728,12288,98,8,216.02,69,1965,9251,7939.31,8056,7946.75,9
269.1857,nf4,9728,12288,97,8,215.93,69,1965,9251,7939.24,8056,7946.75,9
269.3558,nf4,9728,12288,97,8,215.93,69,1965,9251,7939.24,8056,7946.75,9
269.5255,nf4,9728,12288,97,8,215.93,69,1965,9251,7939.24,8056,7946.75,9
269.6928,nf4,9728,12288,97,8,215.89,69,1965,9251,7939.24,8056,7946.75,9
269.8619,nf4,9728,12288,97,8,215.89,69,1965,9251,7939.24,8056,7946.75,9
270.0468,nf4,9728,12288,97,8,215.89,69,1965,9251,7939.24,8056,7946.75,9
270.2167,nf4,9728,12288,97,8,215.97,69,1965,9251,7939.29,8056,7946.75,9
270.3883,nf4,9728,12288,97,8,215.97,69,1965,9251,7939.24,8056,7946.75,9
270.5571,nf4,9728,12288,97,8,215.97,69,1965,9251,7939.24,8056,7946.75,9
270.7261,nf4,9728,12288,97,8,215.75,69,1965,9251,7939.24,8056,7946.75,9
270.8945,nf4,9728,12288,97,8,215.75,69,1965,9251,7939.24,8056,7946.75,9
271.0634,nf4,9728,12288,97,8,215.75,69,1965,9251,7939.24,8056,7946.75,9
271.2315,nf4,9728,12288,98,8,215.77,69,1965,9251,7939.24,8056,7946.75,9
271.3997,nf4,9728,12288,98,8,215.77,69,1965,9251,7939.24,8056,7946.75,9
271.5702,nf4,9728,12288,98,8,215.77,69,1965,9251,7939.28,8056,7946.75,9
271.7420,nf4,9728,12288,98,8,216,69,1965,9251,7939.24,8056,7946.75,9
271.9118,nf4,9728,12288,98,8,216,69,1965,9251,7939.24,8056,7946.75,9
272.0822,nf4,9728,12288,98,8,216,69,1965,9251,7939.24,8056,7946.75,9
272.2499,nf4,9728,12288,97,8,215.92,69,1965,9251,7939.24,8056,7946.75,9
272.4181,nf4,9728,12288,97,8,215.92,69,1965,9251,7939.24,8056,7946.75,9
272.5882,nf4,9728,12288,97,8,215.92,69,1965,9251,7939.24,8056,7946.75,9
272.7590,nf4,9728,12288,97,8,215.98,69,1965,9251,7939.29,8056,7946.75,9
272.9293,nf4,9728,12288,97,8,215.98,69,1965,9251,7939.29,8056,7946.75,9
273.0986,nf4,9728,12288,97,8,215.98,69,1965,9251,7939.24,8056,7946.75,9
273.2697,nf4,9728,12288,96,8,216.01,69,1965,9251,7939.24,8056,7946.75,9
273.4406,nf4,9728,12288,96,8,216.01,69,1965,9251,7939.24,8056,7946.75,9
273.6126,nf4,9728,12288,96,8,216.01,69,1965,9251,7939.24,8056,7946.75,9
273.7862,nf4,9728,12288,96,8,215.79,69,1965,9251,7939.24,8056,7946.75,9
273.9555,nf4,9728,12288,96,8,215.79,69,1965,9251,7939.24,8056,7946.75,9
274.1278,nf4,9728,12288,96,8,215.79,69,1965,9251,7939.27,8056,7946.75,9
274.2987,nf4,9728,12288,98,8,215.8,69,1965,9251,7939.24,8056,7946.75,9
274.4683,nf4,9728,12288,98,8,215.8,69,1965,9251,7939.24,8056,7946.75,9
274.6378,nf4,9728,12288,98,8,215.8,69,1965,9251,7939.24,8056,7946.75,9
274.8085,nf4,9728,12288,98,8,216,69,1965,9251,7939.24,8056,7946.75,9
274.9798,nf4,9728,12288,98,8,216,69,1965,9251,7939.24,8056,7946.75,9
275.1482,nf4,9728,12288,97,8,215.93,69,1965,9251,7939.24,8056,7946.75,9
275.3169,nf4,9728,12288,97,8,215.93,69,1965,9251,7940.61,8056,7946.75,9
275.4890,nf4,9728,12288,97,8,215.93,69,1965,9251,7939.9,8056,7946.75,10
275.6588,nf4,9728,12288,97,8,219.21,70,1965,9251,7939.9,8056,7946.75,10
275.8303,nf4,9728,12288,97,8,219.21,70,1965,9251,7940.77,8056,7946.75,10
276.0011,nf4,9728,12288,97,8,219.21,70,1965,9251,7939.9,8056,7946.75,10
276.1718,nf4,9728,12288,97,6,224.97,70,1965,9251,7939.65,8056,7946.75,10
276.3428,nf4,9726,12288,97,6,224.97,70,1965,9251,7940.49,8056,7946.75,10
276.5125,nf4,9726,12288,97,6,224.97,70,1965,9251,7939.24,8056,7946.75,10
276.6834,nf4,9726,12288,97,6,228.23,70,1965,9251,7939.24,8056,7946.75,10
276.8529,nf4,9726,12288,97,6,228.23,70,1965,9251,7939.24,8056,7946.75,10
277.0251,nf4,9726,12288,97,6,228.23,70,1965,9251,7939.28,8056,7946.75,10
277.1976,nf4,9726,12288,96,8,222.63,69,1965,9251,7939.29,8056,7946.75,10
277.3666,nf4,9726,12288,96,8,222.63,69,1965,9251,7939.24,8056,7946.75,10
277.5360,nf4,9726,12288,96,8,222.63,69,1965,9251,7939.24,8056,7946.75,10
277.7060,nf4,9726,12288,96,8,216.99,69,1965,9251,7939.24,8056,7946.75,10
277.8788,nf4,9726,12288,96,8,216.99,69,1965,9251,7939.24,8056,7946.75,10
278.0471,nf4,9726,12288,96,8,216.99,69,1965,9251,7939.24,8056,7946.75,10
278.2154,nf4,9726,12288,97,8,216.14,69,1965,9251,7939.24,8056,7946.75,10
278.3852,nf4,9726,12288,97,8,216.14,69,1965,9251,7939.27,8056,7946.75,10
278.5534,nf4,9726,12288,97,8,216.14,69,1965,9251,7939.24,8056,7946.75,10
278.7227,nf4,9726,12288,97,8,216.06,69,1965,9251,7939.24,8056,7946.75,10
278.8944,nf4,9726,12288,97,8,216.06,69,1965,9251,7939.24,8056,7946.75,10
279.0619,nf4,9726,12288,97,8,216.06,69,1965,9251,7939.24,8056,7946.75,10
279.2317,nf4,9726,12288,98,8,216.1,69,1965,9251,7939.24,8056,7946.75,10
279.4022,nf4,9726,12288,98,8,216.1,69,1965,9251,7939.24,8056,7946.75,10
279.5723,nf4,9726,12288,98,8,216.1,69,1965,9251,7939.31,8056,7946.75,10
279.7427,nf4,9726,12288,98,8,216.16,69,1965,9251,7939.26,8056,7946.75,10
279.9145,nf4,9726,12288,98,8,216.16,69,1965,9251,7939.24,8056,7946.75,10
280.0849,nf4,9726,12288,98,8,216.16,69,1965,9251,7939.24,8056,7946.75,10
280.2563,nf4,9726,12288,97,8,216.01,69,1965,9251,7939.24,8056,7946.75,10
280.4267,nf4,9726,12288,97,8,216.01,69,1965,9251,7939.24,8056,7946.75,10
280.5996,nf4,9726,12288,97,8,216.01,69,1965,9251,7939.24,8056,7946.75,10
280.7696,nf4,9726,12288,97,8,216.08,69,1965,9251,7939.27,8056,7946.75,10
280.9401,nf4,9726,12288,97,8,216.08,69,1965,9251,7939.27,8056,7946.75,10
281.1114,nf4,9726,12288,97,8,216.08,69,1965,9251,7939.24,8056,7946.75,10
281.2821,nf4,9726,12288,97,8,216.24,69,1965,9251,7939.24,8056,7946.75,10
281.4530,nf4,9726,12288,97,8,216.24,69,1965,9251,7939.24,8056,7946.75,10
281.6218,nf4,9726,12288,97,8,216.24,69,1965,9251,7939.24,8056,7946.75,10
281.7912,nf4,9726,12288,97,8,216.09,69,1965,9251,7939.24,8056,7946.75,10
281.9609,nf4,9726,12288,97,8,216.09,69,1965,9251,7939.24,8056,7946.75,10
282.1308,nf4,9726,12288,97,8,216.09,69,1965,9251,7939.27,8056,7946.75,10
282.3017,nf4,9726,12288,98,8,216.06,69,1965,9251,7939.24,8056,7946.75,10
282.4718,nf4,9726,12288,98,8,216.06,69,1965,9251,7939.24,8056,7946.75,10
282.6429,nf4,9726,12288,98,8,216.06,69,1965,9251,7939.24,8056,7946.75,10
282.8142,nf4,9726,12288,98,8,216.11,69,1965,9251,7939.24,8056,7946.75,10
282.9852,nf4,9726,12288,98,8,216.11,69,1965,9251,7939.24,8056,7946.75,10
283.1531,nf4,9726,12288,97,8,215.88,69,1965,9251,7939.24,8056,7946.75,10
283.3242,nf4,9726,12288,97,8,215.88,69,1965,9251,7939.27,8056,7946.75,10
283.4926,nf4,9726,12288,97,8,215.88,69,1965,9251,7939.24,8056,7946.75,10
283.6616,nf4,9726,12288,97,8,215.84,69,1965,9251,7939.24,8056,7946.75,10
283.8344,nf4,9726,12288,97,8,215.84,69,1965,9251,7939.24,8056,7946.75,10
284.0036,nf4,9726,12288,97,8,215.84,69,1965,9251,7939.24,8056,7946.75,10
284.1746,nf4,9726,12288,96,8,216.01,69,1965,9251,7939.24,8056,7946.75,10
284.3431,nf4,9726,12288,96,8,216.01,69,1965,9251,7939.24,8056,7946.75,10
284.5135,nf4,9726,12288,96,8,216.01,69,1965,9251,7939.31,8056,7946.75,10
284.6828,nf4,9726,12288,96,8,215.93,69,1965,9251,7939.29,8056,7946.75,10
284.8534,nf4,9726,12288,96,8,215.93,69,1965,9251,7939.24,8056,7946.75,10
285.0245,nf4,9726,12288,96,8,215.93,69,1965,9251,7939.24,8056,7946.75,10
285.1970,nf4,9726,12288,98,8,215.82,69,1965,9251,7939.24,8056,7946.75,10
285.3701,nf4,9726,12288,98,8,215.82,69,1965,9251,7939.24,8056,7946.75,10
285.5394,nf4,9726,12288,98,8,215.82,69,1965,9251,7939.24,8056,7946.75,10
285.7094,nf4,9726,12288,98,8,215.87,69,1965,9251,7939.24,8056,7946.75,10
285.8798,nf4,9726,12288,98,8,215.87,69,1965,9251,7939.29,8056,7946.75,10
286.0501,nf4,9726,12288,98,8,215.87,69,1965,9251,7939.24,8056,7946.75,10
286.2210,nf4,9726,12288,96,8,215.74,69,1965,9251,7939.24,8056,7946.75,10
286.3936,nf4,9726,12288,96,8,215.74,69,1965,9251,7939.24,8056,7946.75,10
286.5647,nf4,9726,12288,96,8,215.74,69,1965,9251,7939.24,8056,7946.75,10
286.7357,nf4,9726,12288,96,8,215.71,69,1965,9251,7939.24,8056,7946.75,10
286.9049,nf4,9726,12288,96,8,215.71,69,1965,9251,7939.24,8056,7946.75,10
287.0759,nf4,9726,12288,96,8,215.71,69,1965,9251,7939.27,8056,7946.75,10
287.2448,nf4,9726,12288,97,8,215.91,69,1965,9251,7939.24,8056,7946.75,10
287.4130,nf4,9726,12288,97,8,215.91,69,1965,9251,7939.24,8056,7946.75,10
287.5837,nf4,9726,12288,97,8,215.91,69,1965,9251,7939.24,8056,7946.75,10
287.7553,nf4,9726,12288,97,8,215.77,69,1965,9251,7939.24,8056,7946.75,10
287.9265,nf4,9726,12288,97,8,215.77,69,1965,9251,7939.24,8056,7946.75,10
288.0950,nf4,9726,12288,97,8,215.77,69,1965,9251,7939.24,8056,7946.75,10
288.2644,nf4,9726,12288,98,8,215.7,69,1965,9251,7939.27,8056,7946.75,10
288.4360,nf4,9726,12288,98,8,215.7,69,1965,9251,7939.29,8056,7946.75,10
288.6079,nf4,9726,12288,98,8,215.7,69,1965,9251,7939.24,8056,7946.75,10
288.7787,nf4,9726,12288,98,8,215.85,69,1965,9251,7939.24,8056,7946.75,10
288.9483,nf4,9726,12288,98,8,215.85,69,1965,9251,7939.24,8056,7946.75,10
289.1197,nf4,9726,12288,98,8,215.85,69,1965,9251,7939.24,8056,7946.75,10
289.2900,nf4,9726,12288,97,8,215.77,69,1965,9251,7939.24,8056,7946.75,10
289.4603,nf4,9726,12288,97,8,215.77,69,1965,9251,7939.24,8056,7946.75,10
289.6303,nf4,9726,12288,97,8,215.77,69,1965,9251,7939.31,8056,7946.75,10
289.8027,nf4,9726,12288,97,8,215.74,69,1965,9251,7939.24,8056,7946.75,10
289.9739,nf4,9726,12288,97,8,215.74,69,1965,9251,7939.24,8056,7946.75,10
290.1444,nf4,9726,12288,97,8,215.74,69,1965,9251,7939.24,8056,7946.75,10
290.3138,nf4,9726,12288,97,8,215.9,69,1965,9251,7939.24,8056,7946.75,10
290.4844,nf4,9726,12288,97,8,215.9,69,1965,9251,7939.24,8056,7946.75,10
290.6543,nf4,9730,12288,97,8,215.79,69,1965,9251,7939.24,8056,7946.75,10
290.8235,nf4,9730,12288,97,8,215.79,69,1965,9251,7939.31,8056,7946.75,10
290.9940,nf4,9730,12288,97,8,215.79,69,1965,9251,7939.29,8056,7946.75,10
291.1645,nf4,9730,12288,98,8,215.87,69,1965,9251,7939.24,8056,7946.75,10
291.3341,nf4,9730,12288,98,8,215.87,69,1965,9251,7939.24,8056,7946.75,10
291.5026,nf4,9730,12288,98,8,215.87,69,1965,9251,7939.24,8056,7946.75,10
291.6737,nf4,9726,12288,98,8,216.04,69,1965,9251,7939.24,8056,7946.75,10
291.8428,nf4,9726,12288,98,8,216.04,69,1965,9251,7939.24,8056,7946.75,10
292.0129,nf4,9722,12288,98,8,216.04,69,1965,9251,7939.24,8056,7946.75,10
292.1837,nf4,9722,12288,97,8,215.94,69,1965,9251,7939.27,8056,7946.75,10
292.3541,nf4,9722,12288,97,8,215.94,69,1965,9251,7939.24,8056,7946.75,10
292.5251,nf4,9722,12288,97,8,215.94,69,1965,9251,7939.24,8056,7946.75,10
292.6960,nf4,9722,12288,97,8,215.89,69,1965,9251,7939.24,8056,7946.75,10
292.8676,nf4,9722,12288,97,8,215.89,69,1965,9251,7939.24,8056,7946.75,10
293.0380,nf4,9722,12288,97,8,215.89,69,1965,9251,7939.24,8056,7946.75,10
293.2100,nf4,9722,12288,97,8,216.08,69,1965,9251,7939.24,8056,7946.75,10
293.3809,nf4,9722,12288,97,8,216.08,69,1965,9251,7939.3,8056,7946.75,10
293.5522,nf4,9722,12288,97,8,216.08,69,1965,9251,7939.24,8056,7946.75,10
293.7227,nf4,9722,12288,97,8,215.9,69,1965,9251,7939.24,8056,7946.75,10
293.8905,nf4,9722,12288,97,8,215.9,69,1965,9251,7939.24,8056,7946.75,10
294.0604,nf4,9722,12288,97,8,215.9,69,1965,9251,7939.24,8056,7946.75,10
294.2322,nf4,9722,12288,98,8,215.89,69,1965,9251,7939.24,8056,7946.75,10
294.4035,nf4,9722,12288,98,8,215.89,69,1965,9251,7939.24,8056,7946.75,10
294.5745,nf4,9722,12288,98,8,215.89,69,1965,9251,7939.27,8056,7946.75,10
294.7436,nf4,9722,12288,98,8,215.98,69,1965,9251,7939.27,8056,7946.75,10
294.9148,nf4,9722,12288,98,8,215.98,69,1965,9251,7939.24,8056,7946.75,10
295.0858,nf4,9722,12288,98,8,215.98,69,1965,9251,7939.24,8056,7946.75,10
295.2455,nf4,9722,12288,96,8,215.79,69,1965,9251,7939.24,8056,7946.75,10
295.4144,nf4,9722,12288,96,8,215.79,69,1965,9251,7939.24,8056,7946.75,10
295.5832,nf4,9722,12288,96,8,215.79,69,1965,9251,7939.24,8056,7946.75,10
295.7545,nf4,9722,12288,96,8,215.68,69,1965,9251,7939.24,8056,7946.75,10
295.9263,nf4,9722,12288,96,8,215.68,69,1965,9251,7939.31,8056,7946.75,10
296.0961,nf4,9722,12288,96,8,215.68,69,1965,9251,7939.26,8056,7946.75,10
296.2662,nf4,9722,12288,97,8,215.92,69,1965,9251,7939.24,8056,7946.75,10
296.4383,nf4,9722,12288,97,8,215.92,69,1965,9251,7939.24,8056,7946.75,10
296.6098,nf4,9722,12288,97,8,215.92,69,1965,9251,7939.24,8056,7946.75,10
296.7792,nf4,9722,12288,97,8,215.89,69,1965,9251,7939.24,8056,7946.75,10
296.9480,nf4,9722,12288,97,8,215.89,69,1965,9251,7939.24,8056,7946.75,10
297.1165,nf4,9722,12288,97,8,215.89,69,1965,9251,7939.24,8056,7946.75,10
297.2875,nf4,9722,12288,98,8,215.96,69,1965,9251,7939.26,8056,7946.75,10
297.4587,nf4,9722,12288,98,8,215.96,69,1965,9251,7939.24,8056,7946.75,10
297.6300,nf4,9722,12288,98,8,215.96,69,1965,9251,7939.24,8056,7946.75,10
297.7994,nf4,9722,12288,98,8,216.23,69,1965,9251,7939.24,8056,7946.75,10
297.9682,nf4,9722,12288,98,8,216.23,69,1965,9251,7939.24,8056,7946.75,10
298.1368,nf4,9722,12288,98,8,216.23,69,1965,9251,7939.24,8056,7946.75,10
298.3078,nf4,9722,12288,97,8,216.09,69,1965,9251,7939.24,8056,7946.75,10
298.4765,nf4,9722,12288,97,8,216.09,69,1965,9251,7939.26,8056,7946.75,10
298.6461,nf4,9722,12288,97,8,215.94,69,1965,9251,7939.27,8056,7946.75,10
298.8180,nf4,9722,12288,97,8,215.94,69,1965,9251,7939.24,8056,7946.75,10
298.9873,nf4,9722,12288,97,8,215.94,69,1965,9251,7939.24,8056,7946.75,10
299.1593,nf4,9722,12288,96,8,215.98,69,1965,9251,7939.24,8056,7946.75,10
299.3294,nf4,9722,12288,96,8,215.98,69,1965,9251,7939.24,8056,7946.75,10
299.4995,nf4,9722,12288,96,8,215.98,69,1965,9251,7939.24,8056,7946.75,10
299.6721,nf4,9722,12288,96,8,215.89,69,1965,9251,7939.24,8056,7946.75,10
299.8404,nf4,9722,12288,96,8,215.89,69,1965,9251,7939.27,8056,7946.75,10
300.0112,nf4,9722,12288,96,8,215.89,69,1965,9251,7939.24,8056,7946.75,10
300.1826,nf4,9727,12288,98,8,215.8,69,1965,9251,7939.24,8056,7946.75,10
300.3555,nf4,9727,12288,98,8,215.8,69,1965,9251,7939.24,8056,7946.75,10
300.5247,nf4,9727,12288,98,8,215.8,69,1965,9251,7939.24,8056,7946.75,10
300.6978,nf4,9727,12288,98,8,215.85,69,1965,9251,7939.24,8056,7946.75,10
300.8694,nf4,9727,12288,98,8,215.85,69,1965,9251,7939.24,8056,7946.75,10
301.0403,nf4,9727,12288,98,8,215.85,69,1965,9251,7939.29,8056,7946.75,10
301.2093,nf4,9726,12288,97,8,215.76,69,1965,9251,7939.26,8056,7946.75,10
301.3816,nf4,9722,12288,97,8,215.76,69,1965,9251,7939.24,8056,7946.75,10
301.5501,nf4,9722,12288,97,8,215.76,69,1965,9251,7939.24,8056,7946.75,10
301.7209,nf4,9722,12288,97,8,215.66,69,1965,9251,7939.24,8056,7946.75,10
301.8892,nf4,9722,12288,97,8,215.66,69,1965,9251,7939.24,8056,7946.75,10
302.0604,nf4,9722,12288,97,8,215.66,69,1965,9251,7939.24,8056,7946.75,10
302.2324,nf4,9722,12288,97,8,215.85,69,1965,9251,7939.28,8056,7946.75,10
302.4023,nf4,9722,12288,97,8,215.85,69,1965,9251,7939.31,8056,7946.75,10
302.5705,nf4,9722,12288,97,8,215.85,69,1965,9251,7939.24,8056,7946.75,10
302.7396,nf4,9722,12288,97,8,215.71,69,1965,9251,7939.24,8056,7946.75,10
302.9092,nf4,9722,12288,97,8,215.71,69,1965,9251,7939.24,8056,7946.75,10
303.0801,nf4,9722,12288,97,8,215.71,69,1965,9251,7939.24,8056,7946.75,10
303.2494,nf4,9722,12288,97,8,215.6,69,1965,9251,7939.24,8056,7946.75,10
303.4192,nf4,9722,12288,97,8,215.6,69,1965,9251,7939.24,8056,7946.75,10
303.5904,nf4,9722,12288,97,8,215.6,69,1965,9251,7939.3,8056,7946.75,10
303.7603,nf4,9722,12288,97,8,215.71,69,1965,9251,7939.29,8056,7946.75,10
303.9282,nf4,9722,12288,97,8,215.71,69,1965,9251,7939.24,8056,7946.75,10
304.0978,nf4,9722,12288,97,8,215.71,69,1965,9251,7939.24,8056,7946.75,10
304.2659,nf4,9722,12288,97,8,215.83,69,1965,9251,7939.24,8056,7946.75,10
304.4343,nf4,9722,12288,97,8,215.83,69,1965,9251,7939.24,8056,7946.75,10
304.6057,nf4,9722,12288,97,8,215.83,69,1965,9251,7939.24,8056,7946.75,10
304.7760,nf4,9722,12288,97,8,215.68,69,1965,9251,7939.24,8056,7946.75,10
304.9439,nf4,9722,12288,97,8,215.68,69,1965,9251,7939.31,8056,7946.75,10
305.1144,nf4,9722,12288,97,8,215.68,69,1965,9251,7939.29,8056,7946.75,10
305.2852,nf4,9722,12288,98,8,215.7,69,1965,9251,7939.24,8056,7946.75,10
305.4575,nf4,9722,12288,98,8,215.7,69,1965,9251,7939.24,8056,7946.75,10
305.6274,nf4,9722,12288,98,8,215.7,69,1965,9251,7939.24,8056,7946.75,10
305.7958,nf4,9722,12288,98,8,215.85,69,1965,9251,7939.24,8056,7946.75,10
305.9662,nf4,9722,12288,98,8,215.85,69,1965,9251,7939.24,8056,7946.75,10
306.1360,nf4,9722,12288,98,8,215.85,69,1965,9251,7939.24,8056,7946.75,10
306.3032,nf4,9722,12288,97,8,215.75,69,1965,9251,7939.27,8056,7946.75,10
306.4757,nf4,9722,12288,97,8,215.75,69,1965,9251,7939.24,8056,7946.75,10
306.6442,nf4,9722,12288,97,8,215.75,69,1965,9251,7941.45,8056,7946.75,11
306.8137,nf4,9722,12288,97,8,215.81,69,1965,9251,7939.9,8056,7946.75,11
306.9823,nf4,9722,12288,97,8,215.81,69,1965,9251,7939.9,8056,7946.75,11
307.1516,nf4,9722,12288,98,6,221.51,70,1965,9251,7941.24,8056,7946.75,11
307.3196,nf4,9722,12288,98,6,221.51,70,1965,9251,7939.9,8056,7946.75,11
307.4902,nf4,9722,12288,98,6,221.51,70,1965,9251,7939.77,8056,7946.75,11
307.6597,nf4,9722,12288,98,6,227.14,70,1965,9251,7939.24,8056,7946.75,11
307.8292,nf4,9722,12288,98,6,227.14,70,1965,9251,7939.24,8056,7946.75,11
308.0001,nf4,9722,12288,98,6,227.14,70,1965,9251,7939.24,8056,7946.75,11
308.1695,nf4,9722,12288,97,8,226.15,69,1965,9251,7939.27,8056,7946.75,11
308.3405,nf4,9722,12288,97,8,226.15,69,1965,9251,7939.24,8056,7946.75,11
308.5103,nf4,9722,12288,97,8,226.15,69,1965,9251,7939.24,8056,7946.75,11
308.6818,nf4,9722,12288,97,8,220.53,69,1965,9251,7939.24,8056,7946.75,11
308.8529,nf4,9722,12288,97,8,220.53,69,1965,9251,7939.24,8056,7946.75,11
309.0242,nf4,9722,12288,97,8,220.53,69,1965,9251,7939.24,8056,7946.75,11
309.1968,nf4,9722,12288,97,8,216.27,69,1965,9251,7939.24,8056,7946.75,11
309.3666,nf4,9722,12288,97,8,216.27,69,1965,9251,7939.29,8056,7946.75,11
309.5389,nf4,9722,12288,97,8,216.27,69,1965,9251,7939.24,8056,7946.75,11
309.7110,nf4,9722,12288,97,8,216.1,69,1965,9251,7939.24,8056,7946.75,11
309.8826,nf4,9722,12288,97,8,216.1,69,1965,9251,7939.24,8056,7946.75,11
310.0527,nf4,9722,12288,97,8,216.1,69,1965,9251,7939.24,8056,7946.75,11
310.2264,nf4,9722,12288,98,8,216.12,69,1965,9251,7939.24,8056,7946.75,11
310.3975,nf4,9722,12288,98,8,216.12,69,1965,9251,7939.24,8056,7946.75,11
310.5686,nf4,9722,12288,98,8,216.12,69,1965,9251,7939.25,8056,7946.75,11
310.7402,nf4,9722,12288,98,8,216.23,69,1965,9251,7939.24,8056,7946.75,11
310.9104,nf4,9722,12288,98,8,216.23,69,1965,9251,7939.24,8056,7946.75,11
311.0795,nf4,9722,12288,98,8,216.23,69,1965,9251,7939.24,8056,7946.75,11
311.2517,nf4,9722,12288,97,8,216.09,69,1965,9251,7939.24,8056,7946.75,11
311.4237,nf4,9722,12288,97,8,216.09,69,1965,9251,7939.24,8056,7946.75,11
311.5945,nf4,9722,12288,97,8,216.09,69,1965,9251,7939.24,8056,7946.75,11
311.7662,nf4,9722,12288,97,8,216.04,69,1965,9251,7939.29,8056,7946.75,11
311.9353,nf4,9722,12288,97,8,216.04,69,1965,9251,7939.24,8056,7946.75,11
312.1054,nf4,9722,12288,97,8,216.04,69,1965,9251,7939.24,8056,7946.75,11
312.2732,nf4,9722,12288,97,8,216.25,69,1965,9251,7939.24,8056,7946.75,11
312.4423,nf4,9722,12288,97,8,216.25,69,1965,9251,7939.24,8056,7946.75,11
312.6153,nf4,9722,12288,97,8,216.25,69,1965,9251,7939.24,8056,7946.75,11
312.7867,nf4,9722,12288,97,8,215.97,69,1965,9251,7939.24,8056,7946.75,11
312.9564,nf4,9722,12288,97,8,215.97,69,1965,9251,7939.31,8056,7946.75,11
313.1271,nf4,9722,12288,97,8,215.97,69,1965,9251,7939.31,8056,7946.75,11
313.2981,nf4,9722,12288,98,8,215.91,69,1965,9251,7939.24,8056,7946.75,11
313.4688,nf4,9722,12288,98,8,215.91,69,1965,9251,7939.24,8056,7946.75,11
313.6407,nf4,9722,12288,98,8,215.91,69,1965,9251,7939.24,8056,7946.75,11
313.8109,nf4,9722,12288,98,8,216.05,69,1965,9251,7939.24,8056,7946.75,11
313.9822,nf4,9722,12288,98,8,216.05,69,1965,9251,7939.24,8056,7946.75,11
314.1507,nf4,9722,12288,97,8,215.91,69,1965,9251,7939.24,8056,7946.75,11
314.3208,nf4,9722,12288,97,8,215.91,69,1965,9251,7939.26,8056,7946.75,11
314.4910,nf4,9722,12288,97,8,215.91,69,1965,9251,7939.24,8056,7946.75,11
314.6621,nf4,9722,12288,97,8,215.79,69,1965,9251,7939.24,8056,7946.75,11
314.8345,nf4,9722,12288,97,8,215.79,69,1965,9251,7939.24,8056,7946.75,11
315.0024,nf4,9722,12288,97,8,215.79,69,1965,9251,7939.24,8056,7946.75,11
315.1722,nf4,9722,12288,97,8,215.92,69,1965,9251,7939.24,8056,7946.75,11
315.3436,nf4,9722,12288,97,8,215.92,69,1965,9251,7939.24,8056,7946.75,11
315.5151,nf4,9722,12288,97,8,215.92,69,1965,9251,7939.29,8056,7946.75,11
315.6838,nf4,9722,12288,97,8,215.78,69,1965,9251,7939.27,8056,7946.75,11
315.8527,nf4,9722,12288,97,8,215.78,69,1965,9251,7939.24,8056,7946.75,11
316.0244,nf4,9722,12288,97,8,215.78,69,1965,9251,7939.24,8056,7946.75,11
316.1962,nf4,9722,12288,98,8,215.69,69,1965,9251,7939.24,8056,7946.75,11
316.3656,nf4,9722,12288,98,8,215.69,69,1965,9251,7939.24,8056,7946.75,11
316.5366,nf4,9722,12288,98,8,215.69,69,1965,9251,7939.24,8056,7946.75,11
316.7077,nf4,9722,12288,98,8,215.86,69,1965,9251,7939.27,8056,7946.75,11
316.8782,nf4,9722,12288,98,8,215.86,69,1965,9251,7939.27,8056,7946.75,11
317.0490,nf4,9722,12288,98,8,215.86,69,1965,9251,7939.24,8056,7946.75,11
317.2192,nf4,9722,12288,97,8,215.77,69,1965,9251,7939.24,8056,7946.75,11
317.3904,nf4,9722,12288,97,8,215.77,69,1965,9251,7939.24,8056,7946.75,11
317.5584,nf4,9722,12288,97,8,215.77,69,1965,9251,7939.24,8056,7946.75,11
317.7318,nf4,9722,12288,97,8,215.78,69,1965,9251,7939.24,8056,7946.75,11
317.9033,nf4,9722,12288,97,8,215.78,69,1965,9251,7939.24,8056,7946.75,11
318.0740,nf4,9722,12288,97,8,215.78,69,1965,9251,7939.27,8056,7946.75,11
318.2421,nf4,9722,12288,97,8,215.84,69,1965,9251,7939.27,8056,7946.75,11
318.4118,nf4,9722,12288,97,8,215.84,69,1965,9251,7939.24,8056,7946.75,11
318.5830,nf4,9722,12288,97,8,215.84,69,1965,9251,7939.24,8056,7946.75,11
318.7546,nf4,9722,12288,97,8,215.59,69,1965,9251,7939.24,8056,7946.75,11
318.9259,nf4,9722,12288,97,8,215.59,69,1965,9251,7939.24,8056,7946.75,11
319.0973,nf4,9722,12288,97,8,215.59,69,1965,9251,7939.24,8056,7946.75,11
319.2674,nf4,9722,12288,98,8,215.63,69,1965,9251,7939.27,8056,7946.75,11
319.4380,nf4,9722,12288,98,8,215.63,69,1965,9251,7939.27,8056,7946.75,11
319.6084,nf4,9722,12288,98,8,215.63,69,1965,9251,7939.24,8056,7946.75,11
319.7786,nf4,9722,12288,98,8,215.83,69,1965,9251,7939.24,8056,7946.75,11
319.9514,nf4,9722,12288,98,8,215.83,69,1965,9251,7939.24,8056,7946.75,11
320.1222,nf4,9722,12288,98,8,215.83,69,1965,9251,7939.24,8056,7946.75,11
320.2900,nf4,9722,12288,97,8,215.68,69,1965,9251,7939.24,8056,7946.75,11
320.4601,nf4,9722,12288,97,8,215.68,69,1965,9251,7939.31,8056,7946.75,11
320.6290,nf4,9722,12288,97,8,215.68,69,1965,9251,7939.27,8056,7946.75,11
320.7989,nf4,9722,12288,97,8,215.62,69,1965,9251,7939.24,8056,7946.75,11
320.9697,nf4,9757,12288,97,8,215.62,69,1965,9251,7939.24,8056,7946.75,11
321.1395,nf4,9753,12288,97,8,215.62,69,1965,9251,7939.24,8056,7946.75,11
321.3078,nf4,9753,12288,97,8,215.74,69,1965,9251,7939.24,8056,7946.75,11
321.4767,nf4,9753,12288,97,8,215.74,69,1965,9251,7939.24,8056,7946.75,11
321.6461,nf4,9753,12288,97,8,215.58,69,1965,9251,7939.27,8056,7946.75,11
321.8475,nf4,9826,12288,97,8,215.58,69,1965,9251,7939.27,8056,7946.75,11
322.0168,nf4,9826,12288,97,8,215.58,69,1965,9251,7939.3,8056,7946.75,11
322.1855,nf4,9822,12288,97,11,215.71,69,1965,9251,7939.24,8056,7946.75,11
322.3561,nf4,9818,12288,97,11,215.71,69,1965,9251,7939.24,8056,7946.75,11
322.5292,nf4,9815,12288,97,11,215.71,69,1965,9251,7939.24,8056,7946.75,11
322.6983,nf4,9815,12288,97,11,216.78,69,1965,9251,7939.24,8056,7946.75,11
322.8703,nf4,9815,12288,97,11,216.78,69,1965,9251,7939.24,8056,7946.75,11
323.0393,nf4,9757,12288,97,11,216.78,69,1965,9251,7939.24,8056,7946.75,11
323.2108,nf4,9757,12288,98,8,217.07,69,1965,9251,7939.24,8056,7946.75,11
323.3803,nf4,9757,12288,98,8,217.07,69,1965,9251,7939.24,8056,7946.75,11
323.5507,nf4,9757,12288,98,8,217.07,69,1965,9251,7939.31,8056,7946.75,11
323.7344,nf4,9757,12288,98,8,216.01,69,1965,9251,7939.29,8056,7946.75,11
323.9046,nf4,9757,12288,98,8,216.01,69,1965,9251,7939.24,8056,7946.75,11
324.0766,nf4,9757,12288,98,8,216.01,69,1965,9251,7939.24,8056,7946.75,11
324.2608,nf4,9757,12288,97,8,215.45,69,1965,9251,7939.24,8056,7946.75,11
324.4286,nf4,9753,12288,97,8,215.45,69,1965,9251,7939.24,8056,7946.75,11
324.5978,nf4,9753,12288,97,8,215.45,69,1965,9251,7939.24,8056,7946.75,11
324.7670,nf4,9752,12288,97,8,215.64,69,1965,9251,7939.29,8056,7946.75,11
324.9383,nf4,9741,12288,97,8,215.64,69,1965,9251,7939.29,8056,7946.75,11
325.1086,nf4,9733,12288,97,8,215.64,69,1965,9251,7939.24,8056,7946.75,11
325.2948,nf4,9738,12288,97,8,215.98,69,1965,9251,7939.24,8056,7946.75,11
325.4645,nf4,9738,12288,97,8,215.98,69,1965,9251,7939.24,8056,7946.75,11
325.6363,nf4,9738,12288,97,8,215.98,69,1965,9251,7939.24,8056,7946.75,11
325.8063,nf4,9738,12288,97,8,215.9,69,1965,9251,7939.28,8056,7946.75,11
325.9752,nf4,9738,12288,97,8,215.9,69,1965,9251,7939.31,8056,7946.75,11
326.1475,nf4,9734,12288,97,8,215.9,69,1965,9251,7939.24,8056,7946.75,11
326.3177,nf4,9870,12288,98,8,215.83,69,1965,9251,7939.24,8056,7946.75,11
326.4883,nf4,9873,12288,98,8,215.83,69,1965,9251,7939.27,8056,7946.75,11
326.6589,nf4,9873,12288,98,8,216.76,69,1965,9251,7939.26,8056,7946.75,11
326.8285,nf4,9873,12288,98,8,216.76,69,1965,9251,7939.27,8056,7946.75,11
327.0002,nf4,9873,12288,98,8,216.76,69,1965,9251,7939.24,8056,7946.75,11
327.1692,nf4,9873,12288,97,10,215.46,69,1965,9251,7939.24,8056,7946.75,11
327.3383,nf4,9873,12288,97,10,215.46,69,1965,9251,7939.24,8056,7946.75,11
327.5075,nf4,9873,12288,97,10,215.46,69,1965,9251,7939.24,8056,7946.75,11
327.6773,nf4,9873,12288,97,10,212.98,69,1965,9251,7939.24,8056,7946.75,11
327.8464,nf4,9873,12288,97,10,212.98,69,1965,9251,7939.24,8056,7946.75,11
328.0174,nf4,9873,12288,97,10,212.98,69,1965,9251,7939.24,8056,7946.75,11
328.1878,nf4,9873,12288,97,10,213.37,69,1965,9251,7939.24,8056,7946.75,11
328.3591,nf4,9873,12288,97,10,213.37,69,1965,9251,7939.24,8056,7946.75,11
328.5293,nf4,9873,12288,97,10,213.37,69,1965,9251,7939.24,8056,7946.75,11
328.7022,nf4,9873,12288,97,10,214.17,69,1965,9251,7939.24,8056,7946.75,11
328.8727,nf4,9873,12288,97,10,214.17,69,1965,9251,7939.27,8056,7946.75,11
329.0437,nf4,9873,12288,97,10,214.17,69,1965,9251,7939.24,8056,7946.75,11
329.2133,nf4,9873,12288,97,8,214.9,69,1965,9251,7939.24,8056,7946.75,11
329.3827,nf4,9873,12288,97,8,214.9,69,1965,9251,7939.24,8056,7946.75,11
329.5521,nf4,9873,12288,97,8,214.9,69,1965,9251,7939.24,8056,7946.75,11
329.7209,nf4,9873,12288,97,8,215.35,69,1965,9251,7939.24,8056,7946.75,11
329.8917,nf4,9873,12288,97,8,215.35,69,1965,9251,7939.24,8056,7946.75,11
330.0637,nf4,9873,12288,97,8,215.35,69,1965,9251,7939.24,8056,7946.75,11
330.2344,nf4,9873,12288,97,8,215.65,69,1965,9251,7939.29,8056,7946.75,11
330.4051,nf4,9873,12288,97,8,215.65,69,1965,9251,7939.24,8056,7946.75,11
330.5734,nf4,9873,12288,97,8,215.65,69,1965,9251,7939.24,8056,7946.75,11
330.7419,nf4,9873,12288,97,8,215.63,69,1965,9251,7939.24,8056,7946.75,11
330.9133,nf4,9873,12288,97,8,215.63,69,1965,9251,7939.24,8056,7946.75,11
331.0828,nf4,9873,12288,97,8,215.63,69,1965,9251,7939.24,8056,7946.75,11
331.2535,nf4,9873,12288,98,8,215.65,69,1965,9251,7939.24,8056,7946.75,11
331.4227,nf4,9873,12288,98,8,215.65,69,1965,9251,7939.28,8056,7946.75,11
331.5921,nf4,9873,12288,98,8,215.65,69,1965,9251,7939.27,8056,7946.75,11
331.7623,nf4,9873,12288,98,8,215.67,69,1965,9251,7939.24,8056,7946.75,11
331.9320,nf4,9873,12288,98,8,215.67,69,1965,9251,7939.24,8056,7946.75,11
332.1021,nf4,9873,12288,98,8,215.67,69,1965,9251,7939.24,8056,7946.75,11
332.2721,nf4,9873,12288,97,8,215.57,69,1965,9251,7939.24,8056,7946.75,11
332.4429,nf4,9873,12288,97,8,215.57,69,1965,9251,7939.24,8056,7946.75,11
332.6118,nf4,9873,12288,97,8,215.57,69,1965,9251,7939.24,8056,7946.75,11
332.7831,nf4,9873,12288,97,8,215.58,69,1965,9251,7939.29,8056,7946.75,11
332.9544,nf4,9873,12288,97,8,215.58,69,1965,9251,7939.24,8056,7946.75,11
333.1234,nf4,9873,12288,97,8,215.58,69,1965,9251,7939.24,8056,7946.75,11
333.2930,nf4,9873,12288,97,8,215.67,69,1965,9251,7939.24,8056,7946.75,11
333.4627,nf4,9873,12288,97,8,215.67,69,1965,9251,7939.24,8056,7946.75,11
333.6315,nf4,9873,12288,97,8,215.67,69,1965,9251,7939.24,8056,7946.75,11
333.8021,nf4,9873,12288,97,8,215.62,69,1965,9251,7939.24,8056,7946.75,11
333.9729,nf4,9873,12288,97,8,215.62,69,1965,9251,7939.29,8056,7946.75,11
334.1437,nf4,9873,12288,97,8,215.62,69,1965,9251,7939.28,8056,7946.75,11
334.3141,nf4,9873,12288,98,8,215.59,69,1965,9251,7939.24,8056,7946.75,11
334.4859,nf4,9873,12288,98,8,215.59,69,1965,9251,7939.24,8056,7946.75,11
334.6536,nf4,9873,12288,98,8,215.65,69,1965,9251,7939.24,8056,7946.75,11
334.8263,nf4,9873,12288,98,8,215.65,69,1965,9251,7939.24,8056,7946.75,11
334.9981,nf4,9873,12288,98,8,215.65,69,1965,9251,7939.24,8056,7946.75,11
335.1701,nf4,9873,12288,97,8,215.55,69,1965,9251,7939.26,8056,7946.75,11
335.3406,nf4,9873,12288,97,8,215.55,69,1965,9251,7939.27,8056,7946.75,11
335.5115,nf4,9873,12288,97,8,215.55,69,1965,9251,7939.24,8056,7946.75,11
335.6808,nf4,9873,12288,97,8,215.44,69,1965,9251,7939.24,8056,7946.75,11
335.8509,nf4,9873,12288,97,8,215.44,69,1965,9251,7939.24,8056,7946.75,11
336.0222,nf4,9873,12288,97,8,215.44,69,1965,9251,7939.24,8056,7946.75,11
336.1949,nf4,9873,12288,97,8,215.57,69,1965,9251,7939.24,8056,7946.75,11
336.3669,nf4,9873,12288,97,8,215.57,69,1965,9251,7939.23,8056,7946.75,11
336.5393,nf4,9873,12288,97,8,215.57,69,1965,9251,7939.27,8056,7946.75,11
336.7103,nf4,9873,12288,97,8,215.63,69,1965,9251,7939.24,8056,7946.75,11
336.8808,nf4,9873,12288,97,8,215.63,69,1965,9251,7939.24,8056,7946.75,11
337.0504,nf4,9873,12288,97,8,215.63,69,1965,9251,7939.24,8056,7946.75,11
337.2221,nf4,9873,12288,98,8,215.57,69,1965,9251,7939.24,8056,7946.75,11
337.3930,nf4,9873,12288,98,8,215.57,69,1965,9251,7939.24,8056,7946.75,11
337.5624,nf4,9873,12288,98,8,215.57,69,1965,9251,7939.24,8056,7946.75,11
337.7325,nf4,9873,12288,98,8,215.65,69,1965,9251,7939.29,8056,7946.75,11
337.9051,nf4,9795,12288,98,8,215.65,69,1965,9251,7939.26,8056,7946.75,11
338.0760,nf4,9731,12288,98,8,215.65,69,1965,9251,7941.36,8056,7946.75,11
338.2457,nf4,9726,12288,95,9,216.54,69,1965,9251,7939.9,8056,7946.75,12
338.4155,nf4,9726,12288,95,9,216.54,69,1965,9251,7939.9,8056,7946.75,12
338.5851,nf4,9726,12288,95,9,216.54,69,1965,9251,7940.77,8056,7946.75,12
338.7544,nf4,9726,12288,95,9,221.53,69,1965,9251,7939.9,8056,7946.75,12
338.9265,nf4,9726,12288,95,9,221.53,69,1965,9251,7939.9,8056,7946.75,12
339.0964,nf4,9726,12288,95,9,221.53,69,1965,9251,7940.77,8056,7946.75,12
339.2654,nf4,9726,12288,97,6,226.48,70,1965,9251,7939.9,8056,7946.75,12
339.4368,nf4,9726,12288,97,6,226.48,70,1965,9251,7939.9,8056,7947.85,12
339.6089,nf4,9726,12288,97,6,226.48,70,1965,9251,7941.24,8056,7948.95,12
339.7775,nf4,9726,12288,97,6,228.38,70,1965,9251,7939.9,8056,7948.95,12
339.9482,nf4,9726,12288,97,6,228.38,70,1965,9251,7939.9,8056,7950.05,12
340.1180,nf4,9726,12288,97,6,228.38,70,1965,9251,7940.68,8056,7951.16,12
340.2881,nf4,9726,12288,97,6,228.57,70,1965,9251,7939.9,8056,7951.16,12
340.4582,nf4,9726,12288,97,6,228.57,70,1965,9251,7939.9,8056,7952.26,12
340.6295,nf4,9726,12288,97,6,228.57,70,1965,9251,7939.9,8056,7953.36,12
340.8002,nf4,9726,12288,97,6,229.2,70,1965,9251,7939.9,8056,7953.36,12
340.9693,nf4,9726,12288,97,6,229.2,70,1965,9251,7939.9,8056,7955.09,12
341.1399,nf4,9746,12288,97,6,229.2,70,1965,9251,7939.9,8076,7955.57,12
341.3136,nf4,9746,12288,98,6,229.82,70,1965,9251,7939.9,8076,7955.57,12
341.4838,nf4,9746,12288,98,6,229.82,70,1965,9251,7939.9,8076,7956.67,12
341.6534,nf4,9746,12288,98,6,230.02,70,1965,9251,7939.9,8076,7957.77,12
341.8229,nf4,9746,12288,98,6,230.02,70,1965,9251,7939.9,8076,7957.77,12
341.9924,nf4,9746,12288,98,6,230.02,70,1965,9251,7939.9,8076,7958.87,12
342.1632,nf4,9746,12288,98,6,230.21,70,1965,9251,7939.9,8076,7960.66,12
342.3345,nf4,9746,12288,98,6,230.21,70,1965,9251,7939.9,8076,7960.66,12
342.5058,nf4,9746,12288,98,6,230.21,70,1965,9251,7939.78,8076,7962.27,12
342.6768,nf4,9746,12288,98,6,230.71,70,1965,9251,7939.24,8076,7962.27,12
342.8464,nf4,9746,12288,98,6,230.71,70,1965,9251,7939.24,8076,7962.27,12
343.0153,nf4,9746,12288,98,6,230.71,70,1965,9251,7939.27,8076,7962.27,12
343.1847,nf4,9746,12288,97,8,228.61,69,1965,9251,7939.27,8076,7962.27,12
343.3565,nf4,9746,12288,97,8,228.61,69,1965,9251,7939.24,8076,7962.27,12
343.5263,nf4,9746,12288,97,8,228.61,69,1965,9251,7939.24,8076,7962.27,12
343.6974,nf4,9746,12288,97,8,221.73,69,1965,9251,7939.24,8076,7962.27,12
343.8644,nf4,9746,12288,97,8,221.73,69,1965,9251,7939.24,8076,7962.27,12
344.0335,nf4,9746,12288,97,8,221.73,69,1965,9251,7939.24,8076,7962.27,12
344.2027,nf4,9746,12288,97,8,216.36,69,1965,9251,7939.24,8076,7962.27,12
344.3733,nf4,9746,12288,97,8,216.36,69,1965,9251,7939.27,8076,7962.27,12
344.5443,nf4,9746,12288,97,8,216.36,69,1965,9251,7939.24,8076,7962.27,12
344.7146,nf4,9746,12288,97,8,216.16,69,1965,9251,7939.24,8076,7962.27,12
344.8837,nf4,9746,12288,97,8,216.16,69,1965,9251,7939.24,8076,7962.27,12
345.0531,nf4,9746,12288,97,8,216.16,69,1965,9251,7939.24,8076,7962.27,12
345.2242,nf4,9746,12288,98,8,216.13,69,1965,9251,7939.24,8076,7962.27,12
345.3944,nf4,9746,12288,98,8,216.13,69,1965,9251,7939.24,8076,7962.27,12
345.5642,nf4,9746,12288,98,8,216.13,69,1965,9251,7939.29,8076,7962.27,12
345.7342,nf4,9746,12288,98,8,216.13,69,1965,9251,7939.29,8076,7962.27,12
345.9042,nf4,9746,12288,98,8,216.13,69,1965,9251,7939.24,8076,7962.27,12
346.0764,nf4,9746,12288,98,8,216.13,69,1965,9251,7939.24,8076,7962.27,12
346.2478,nf4,9746,12288,97,8,216.07,69,1965,9251,7939.24,8076,7962.27,12
346.4183,nf4,9746,12288,97,8,216.07,69,1965,9251,7939.24,8076,7962.27,12
346.5896,nf4,9746,12288,97,8,216.07,69,1965,9251,7939.24,8076,7962.27,12
346.7595,nf4,9746,12288,97,8,215.92,69,1965,9251,7939.24,8076,7962.27,12
346.9316,nf4,9746,12288,97,8,215.92,69,1965,9251,7939.27,8076,7962.27,12
347.1003,nf4,9746,12288,97,8,215.92,69,1965,9251,7939.24,8076,7962.27,12
347.2706,nf4,9746,12288,97,8,216.01,69,1965,9251,7939.24,8076,7962.27,12
347.4441,nf4,9746,12288,97,8,216.01,69,1965,9251,7939.24,8076,7962.27,12
347.6143,nf4,9746,12288,97,8,216.01,69,1965,9251,7939.24,8076,7962.27,12
347.7850,nf4,9746,12288,97,8,215.91,69,1965,9251,7939.24,8076,7962.27,12
347.9541,nf4,9746,12288,97,8,215.91,69,1965,9251,7939.24,8076,7962.27,12
348.1232,nf4,9746,12288,97,8,215.91,69,1965,9251,7939.27,8076,7962.27,12
348.2937,nf4,9746,12288,97,8,215.79,69,1965,9251,7939.29,8076,7962.27,12
348.4643,nf4,9746,12288,97,8,215.79,69,1965,9251,7939.24,8076,7962.27,12
348.6338,nf4,9746,12288,97,8,215.79,69,1965,9251,7939.24,8076,7962.27,12
348.8051,nf4,9746,12288,97,8,215.76,69,1965,9251,7939.24,8076,7962.27,12
348.9750,nf4,9746,12288,97,8,215.76,69,1965,9251,7939.24,8076,7962.27,12
349.1443,nf4,9746,12288,97,8,215.76,69,1965,9251,7939.24,8076,7962.27,12
349.3151,nf4,9746,12288,97,8,215.85,69,1965,9251,7939.24,8076,7962.27,12
349.4866,nf4,9746,12288,97,8,215.85,69,1965,9251,7939.27,8076,7962.27,12
349.6552,nf4,9746,12288,97,8,215.65,69,1965,9251,7939.27,8076,7962.27,12
349.8243,nf4,9746,12288,97,8,215.65,69,1965,9251,7939.24,8076,7962.27,12
349.9941,nf4,9746,12288,97,8,215.65,69,1965,9251,7939.24,8076,7962.27,12
350.1666,nf4,9746,12288,98,8,215.75,69,1965,9251,7939.24,8076,7962.27,12
350.3358,nf4,9746,12288,98,8,215.75,69,1965,9251,7939.24,8076,7962.27,12
350.5068,nf4,9746,12288,98,8,215.75,69,1965,9251,7939.24,8076,7962.27,12
350.6764,nf4,9750,12288,98,8,213.73,68,1965,9251,7160.78,8076,7962.27,
350.8461,nf4,9750,12288,98,8,213.73,68,1965,9251,7160.7,8076,7962.27,
351.0188,nf4,9750,12288,98,8,213.73,68,1965,9251,7160.62,8076,7962.27,
351.1891,nf4,9750,12288,14,1,182.4,66,1965,9251,7160.57,8076,7962.27,
351.3598,nf4,9750,12288,14,1,182.4,66,1965,9251,7160.49,8076,7962.27,
351.5313,nf4,9750,12288,14,1,182.4,66,1965,9251,7160.41,8076,7962.27,
351.6996,nf4,9746,12288,14,1,150.48,66,1965,9251,7160.35,8076,7962.27,
351.8692,nf4,9742,12288,14,1,150.48,66,1965,9251,7160.29,8076,7962.27,
352.0379,nf4,9742,12288,14,1,150.48,66,1965,9251,7160.23,8076,7962.27,
352.2077,nf4,9742,12288,14,1,145.56,65,1965,9251,7160.16,8076,7962.27,
352.3768,nf4,9742,12288,14,1,145.56,65,1965,9251,7160.08,8076,7962.27,
352.5479,nf4,9742,12288,14,1,145.56,65,1965,9251,7160,8076,7962.27,
352.7178,nf4,9742,12288,14,1,129.98,63,1035,5001,7159.94,8076,7962.27,
352.8890,nf4,9742,12288,14,1,129.98,63,1035,5001,7159.86,8076,7962.27,
353.0754,nf4,9742,12288,14,1,129.98,63,1035,5001,8.125,20,7962.27,
353.4494,nf4,1686,12288,11,2,81.21,62,735,5001,8.125,20,7962.27,
353.7325,nf4,1686,12288,11,2,81.21,62,735,5001,8.125,20,7962.27,
